kick_event,timestamp,timestamp_original,id_jogador_chutou,cor_jogador_chutou,id_goleiro,cor_goleiro,gol,ball_position_x,ball_position_y,ball_velocity_norm,ball_acceleration_norm,kicker_position_x,kicker_position_y,kicker_position_w,kicker_velocity_norm,goalkeeper_position_x,goalkeeper_position_y,goalkeeper_velocity_norm,num_blue_on_field,num_yellow_on_field,feat_dist_goal,feat_angle_goal,feat_visible_angle,feat_min_dist_opponent,feat_opponents_in_cone,feat_robot_orientation,feat_orientation_to_goal_diff
kickEvent0,85.799443712,85.799443712,4,blue,10,yellow,0,-3466.374,-2012.1028,649.155236589013,22809.0764961523,-3347.525,-1998.6091,2.8224008,604.269505817,-5831.2524,-327.73474,142.356234745829,11,11,3235.40080757297,141.544825167095,25.2771902877339,88.9966662014369,3,161.711653934347,-20.1668287672527
kickEvent1,136.742912768,136.742912768,9,blue,10,yellow,0,-3448.0566,2941.9053,792.518733662879,67313.4478193807,-3517.5134,3119.718,-2.0419326,1202.67821023819,-5830.7437,424.5972,19.9195331126904,11,11,3894.51176798474,-130.939866417194,17.7417288793123,992.24796054319,3,-116.994120030175,-13.9457463870188
kickEvent2,250.867057664,250.867057664,15,yellow,0,blue,0,3335.075,2286.5388,1711.42802943159,49475.1918484068,3403.3547,2223.6309,2.116907,1734.52198977428,5334.14,693.5742,214.892540028808,11,10,3511.42206798477,-40.6300040268555,22.6064280798488,1126.61243016876,2,121.289836721701,-161.919840748556
kickEvent3,1012.83931264,1012.83931264,1,blue,10,yellow,0,-3344.7195,-1780.3046,4977.47187563322,157314.915080972,-2944.5823,-952.39777,-2.6701665,1779.50938239353,-5865.6636,-511.25714,660.440136647107,9,10,3196.87331661131,146.159054865477,26.9268205065573,368.923499349567,1,-152.989271047219,-60.8516740873039
kickEvent4,1033.853915648,1033.853915648,5,blue,10,yellow,0,-1236.7942,-1779.6965,1191.85015127025,61879.1806219783,-1156.4814,-1932.5153,2.655157,159.008671234502,-5821.117,-128.3564,40.0483132157977,9,10,5084.82537805045,159.51259325352,18.8975357944882,164.162557959116,5,152.129290044617,7.38330320890299
kickEvent5,1440.610360576,1440.610360576,5,yellow,0,blue,0,768.970265,1766.17865,742.399013772083,52306.6107078269,860.63375,1806.2898,-2.73729285,1236.2691613845,5625.7056,344.51923,15.750223108827,9,11,5521.14653963921,-18.6564817055325,17.6052712104424,364.110610528794,3,-156.835327596337,138.178845890804
kickEvent6,2048.082433536,2048.082433536,15,blue,0,yellow,0,-4357.1455,2057.3408,476.129613399142,24801.3106660923,-4245.699,2083.1694,-3.1020613,534.298637035035,-4562.82,1655.3024,403.46270552164,10,9,2632.79738595945,-128.608519433844,25.7835374885791,240.062263013244,1,-177.735020280866,49.1265008470219
kickEvent7,2423.787446784,2423.787446784,14,blue,0,yellow,0,-1382.3734,1896.853,576.839459643342,22733.2988240664,-1302.5203,1978.9167,-1.4601395,773.726250291294,-5614.797,223.7424,25.2331507668948,9,8,4992.04634600246,-157.667863537271,19.020833942349,121.002215769547,4,-83.6598308503423,-74.0080326869284
kickEvent8,2577.703765504,2577.703765504,13,blue,0,yellow,1,-4506.862,592.96643,2995.83441728263,53837.3648684898,-4411.1016,2321.333,-1.8883325,764.447670038127,-6001.0337,-224.2191,1647.63835953875,9,9,1606.57096766714,-158.340603128551,303.383544108557,1624.10634783278,0,-108.193482567388,-50.1471205611631
kickEvent9,2732.82105984,2732.82105984,13,blue,0,yellow,0,-1248.4786,-941.91766,898.862658963824,28027.1723921994,-1143.865,-927.4797,-3.0909848,902.947092446808,-5610.518,58.801163,182.719953752362,10,9,4843.98229692036,168.787340140601,20.6832736219891,522.012835278706,2,-177.100383579089,-14.1122762803097
kickEvent10,2780.604189952,2780.604189952,9,yellow,10,blue,0,-68.1097175,1509.72525,1821.6618564531,178674.869506941,-177.027005,1791.25015,-0.48674482,491.474163912201,5819.393,60.86583,14.77125715096,10,8,6253.09730246583,-13.9713328764815,15.9208339660866,187.24323759386,5,-27.8884238858549,13.9170910093735
kickEvent11,2872.265312256,2872.265312256,8,blue,0,yellow,0,-1848.8453,2935.7637,1040.93446092695,28427.3071531215,-1932.14,2953.6084,-0.31517017,962.549206365497,-5647.7646,384.49658,146.906439631258,11,9,5084.36759544093,-144.731432445536,16.6149049593748,397.235375442948,3,-18.0579205694207,-126.673511876115
kickEvent12,3051.92467584,3051.92467584,13,blue,0,yellow,0,-4158.923,-530.9273,3873.96523551262,278655.424299553,-3613.145,-2077.0461,2.2388384,678.651525856208,-5633.2275,173.32442,1074.73799188067,10,9,1916.10237665274,163.913568080339,310.809244908064,810.476047395974,5,128.275991331822,35.6375767485169
kickEvent13,3261.541792,3261.541792,13,blue,0,yellow,0,-5384.976,1626.5981,2393.27639627472,137840.041873915,-5333.818,2519.4587,-1.9510205,1125.63685508834,-5888.865,279.7059,1941.84362252458,10,9,1738.98703258524,-110.711828926446,26.5651598696092,1288.88868180231,1,-111.785240393504,1.073411467058
kickEvent14,360.74670336,360.74670336,3,blue,0,yellow,0,3765.9878,-1941.9899,754.352659017821,56580.8490064265,3660.3816,-1874.305,-0.17152789,607.13005376885,5027.4736,-1221.2267,1457.03170171213,7,7,2960.09041778302,40.9998936874621,26.8247320058921,154.462078032959,1,-9.82782416578424,50.8277178532464
kickEvent15,763.49351424,763.49351424,2,yellow,10,blue,0,-3891.973,-756.89075,3135.57711708331,94441.8162145421,-3488.6924,-1990.0521,2.5216942,1856.62108686397,-5832.138,-26.557962,430.860917357661,6,7,2239.79049023889,160.249236289218,317.949239916667,366.139144667983,5,144.482434882619,15.766801406599
kickEvent16,779.068275712,779.068275712,11,blue,0,yellow,0,-530.4783,1477.880975,4999.88859305629,2895252.35551449,-725.219875,1519.9517,-0.4147191025,5051.56845947607,5609.6562,96.4359,481.704629606134,6,7,6695.61640202288,-12.7515407193939,14.9506792765751,1095.82745277967,2,-23.7616542567034,11.0101135373095
kickEvent17,1717.438508544,1717.438508544,14,blue,10,yellow,0,378.016585,-4110.86,2385.13735241771,794184.005483694,214.931675,-4184.58735,0.35729814,4133.53796459388,NaN,NaN,NaN,7,8,6964.61538479585,36.1747078474155,11.9787360655824,771.015554307334,5,20.4716754498744,15.7030323975411
kickEvent18,2252.49439232,2252.49439232,5,yellow,10,blue,1,-3166.9673,838.8713,395.422728120792,17226.1574010829,-3006.415,883.29016,-2.7058218,612.575670041301,-5824.534,188.47629,28.2270238828561,7,7,2954.61999878715,-163.505786578471,327.222960090512,865.259501919615,5,-155.032169254492,-8.4736173239793
kickEvent19,3680.67914624,3680.67914624,2,blue,0,yellow,1,-1357.4062,1023.5483,298.916130110588,20103.3017163066,-1305.4961,1108.1942,-2.0037177,643.298948175375,-5599.0615,180.99815,104.617532771017,6,7,4754.08543404842,-167.566949440965,20.981118395118,1156.94453354444,3,-114.80456754566,-52.7623818953049
kickEvent20,4517.240183808,4517.240183808,6,yellow,10,blue,0,2367.70595,612.958225,1074.7641382049,30207.8646432975,2058.83875,841.233225,-0.9264364,1157.46017656969,5818.85715,74.33299,21.6236091879055,6,8,3683.65007177128,-9.57855488198718,27.1315809371916,1539.12668150098,2,-53.0808957072937,43.5023408253066
kickEvent21,4890.751274624,4890.751274624,3,blue,0,yellow,0,-612.1320275,-640.329,981.740339654933,183385.446675241,-409.4948725,-693.7625925,2.91047715,1582.12563578176,-5606.693,-85.85517,19.4938038011215,7,7,5425.78496784864,173.222390568694,341.28611721624,1296.77604368531,7,166.758057064264,6.4643335044299
kickEvent22,46.483731968,46.483731968,5,yellow,3,blue,0,-3333.4536,-243.82153,490.438792099206,29256.5303673433,-3349.3276,-332.4141,1.3807371,424.015730070785,-5881.3057,-42.23019,34.8115502648136,8,8,2677.67037587611,174.77556225996,322.958415323077,299.466090822207,8,79.1104084471327,95.6651538128269
kickEvent23,72.827215616,72.827215616,1,yellow,3,blue,1,-3616.0889,2409.5452,4434.95591434747,247461.500411686,-3149.3125,1627.3057,2.119935,354.443091802811,-5864.1035,336.60507,350.657907286989,8,8,3389.53392128568,-134.693600682061,21.8913785285813,1236.91485452835,1,121.463328342066,103.843070975872
kickEvent24,138.878711808,138.878711808,11,blue,0,yellow,0,-4.59992905,24.491497,5544.19109227521,222835.33918092,-96.714945,3903.0545,-0.599283935,1650.51135975481,5742.2876,6.500515,30.3674062914203,8,8,6004.6498766683,-0.233696107472754,17.0483797076357,725.949565844217,4,-34.3364402054924,34.1027440980196
kickEvent25,148.656675584,148.656675584,7,yellow,3,blue,0,-2945.069,-375.14322,1750.71806704811,90170.7198532386,-2997.849,-445.92252,0.93282485,426.094299817152,-5878.3955,0.021341873,76.5968560382685,8,8,3077.87846580611,172.999171166375,327.595494381799,654.787679703012,7,53.4469269299241,119.552244236451
kickEvent26,149.97208064,149.97208064,6,yellow,3,blue,0,-4310.5044,926.2301,4193.62071777987,288052.63307101,-4857.763,2783.3147,-1.5409186,765.104052519698,-5910.15,100.300415,221.865597080178,8,8,1926.7323583117,-151.267179171185,46.3377709285185,957.693649991922,1,-88.2881323532075,-62.9790468179771
kickEvent27,217.072146944,217.072146944,5,yellow,3,blue,1,-5069.714,-308.91147,2962.75883272595,37801.2452630624,-4917.7236,-2143.579,2.1040041,296.955242790981,-5905.2524,279.28522,798.390462836437,8,8,980.233818072791,161.63069832616,275.147923818954,1021.81200032174,0,120.550555008221,41.0801433179384
kickEvent28,866.137958144,866.137958144,10,yellow,3,blue,1,-3964.1091,1553.5305,1288.00907180367,90028.8366995638,-4035.555,1600.5922,-0.63170946,396.915274776133,-5343.8184,129.56944,1971.74318189129,7,8,2560.91951672306,-142.653776109776,32.5179130104224,501.191671654748,1,-36.1942859364883,-106.459490173287
kickEvent29,910.581370112,910.581370112,10,blue,0,yellow,0,106.428948,1974.0927,3841.27479882997,119917.884344455,-6.0150335,3942.88185,-0.76133734,348.21605435367,5642.688,198.46535,348.397089328009,7,8,6215.40197679649,-18.5186327593166,15.6682115873821,994.54278864941,3,-43.6214163677166,25.1027836084
kickEvent30,919.066861568,919.066861568,7,yellow,3,blue,0,-2725.4583,-1425.0472,2290.46402654917,104048.314808837,-2800.8064,-1465.2137,0.5590284,360.130954790461,-5870.5576,-97.55863,177.790821537832,7,8,3571.18787902103,156.481815247102,26.2667851845239,1384.67288017077,2,32.0299679479512,124.451847299151
kickEvent31,929.225097984,929.225097984,6,yellow,3,blue,1,-3711.5,-169.80534,755.793327067429,26869.1768566398,-3442.2222,-106.5744,-2.970089,1328.05852161707,-5881.3525,-39.243565,57.5496831405575,7,8,2294.79108057629,175.756463479088,317.24892629028,265.47778820822,4,-170.173564478231,-14.0699720426813
kickEvent32,1006.36881664,1006.36881664,5,yellow,3,blue,0,-4877.0615,639.00604,2559.33173429202,32292.8057683231,-5898.278,2009.5482,-1.2726111,213.812868018759,-5793.6777,1412.3821,1505.4659345247,7,8,1292.02151450304,-150.35804116171,293.032013654068,1199.28970156654,1,-72.9152449915012,-77.4427961702089
kickEvent33,1065.325848832,1065.325848832,2,yellow,3,blue,0,-4560.0127,-474.1493,4061.99440893976,229220.930661516,-4496.2075,-2123.0388,2.3017955,1708.37496431171,-5822.8057,-54.82265,997.044982458822,7,8,1516.04122069678,161.774668574272,299.865568074906,1197.2210372683,2,131.883167452205,29.8915011220668
kickEvent34,1112.441783552,1112.441783552,9,blue,0,yellow,0,-1591.7825,1007.98553,2946.07708039487,64316.7262310677,-2968.6965,502.76508,0.957396,1890.59780000112,5704.8774,73.115204,345.391366601154,7,8,7658.40690718348,-7.56311039339279,13.2926156953452,1283.73607619599,4,54.854750122707,-62.4178605160998
kickEvent35,1116.649531904,1116.649531904,8,blue,0,yellow,0,-161.6855,-480.1618,494.706433326774,24674.9218704969,-248.000305,-479.798835,-0.015291119,765.748102936645,5713.292,-27.61814,40.7688343720859,7,8,6180.36597258524,4.45588438438753,16.5232757208392,856.277115146246,3,-0.876116582732304,5.33200096711984
kickEvent36,1133.684497408,1133.684497408,7,yellow,3,blue,0,-2763.7034,-436.90204,2052.47998149171,78663.4543690252,-2673.0684,-380.5154,-2.7581048,2411.53340250911,-5879.2075,-71.555595,13.2825702214952,7,8,3265.65446361487,172.311517473014,329.411203724489,319.235054131606,6,-158.027764494774,-29.6607180322116
kickEvent37,1136.042338816,1136.042338816,10,blue,3,yellow,0,-2977.5295,449.7019,677.67770980269,17939.6425472122,-3182.1626,263.93646,0.04736297,748.442421054436,NaN,NaN,NaN,7,8,3055.74209026774,-171.5372617505,327.462774830106,377.491407499893,4,2.71369828620473,-174.250960036704
kickEvent38,1149.543122944,1149.543122944,10,yellow,3,blue,0,-2931.8523,-878.3641,2136.96814847702,124941.209754087,-2463.6023,-51.588905,-2.9006743,617.078887447091,-5886.928,-141.96918,156.338490241941,7,8,3191.4031085377,164.024386766775,329.498470347588,687.159916898541,6,-166.196395132064,-29.7792181011611
kickEvent39,1205.08576384,1205.08576384,6,yellow,3,blue,0,-4597.7173,1920.5865,2185.06708784229,64503.4247236488,-4699.583,1983.1006,-0.62056696,206.528275482731,-5305.2656,902.99854,1777.73496489426,6,7,2378.03475052438,-126.134397837015,27.5180087158799,509.091204437653,1,-35.5558677132638,-90.5785301237516
kickEvent40,1227.286044672,1227.286044672,6,yellow,3,blue,1,-5287.5635,518.12805,2535.69146758682,49083.6793595791,-4994.3726,2210.8694,-2.0588307,601.411943919201,-5711.5986,-140.79622,1181.3803437277,6,7,880.921360127595,-143.973025663659,268.482269985617,783.573199916283,1,-117.962309841965,-26.0107158216942
kickEvent41,1234.157549568,1234.157549568,2,yellow,3,blue,1,-4021.5903,394.96057,84110.0736185456,11434302.8847211,-4103.0073,411.2947,-0.07399326,279.858336715663,-4429.0347,242.1648,1520.61527634008,7,7,2017.44858494803,-168.710156676525,312.473029890369,119.614481886517,3,-4.23950151041417,-164.470655166111
kickEvent42,1431.474657792,1431.474657792,7,yellow,3,blue,1,-3436.0427,2224.3208,431.63026367278,25135.4763867758,-3514.4998,2196.1973,0.1965914,276.179298125213,-5693.9844,590.56555,463.835636264898,7,6,3394.33057575952,-139.057241584245,23.3091635864097,298.570412357437,1,11.2638575085682,-150.321099092814
kickEvent43,1528.033450752,1528.033450752,7,yellow,3,blue,0,-2013.3375,-144.0459,1775.28361071403,52287.9068737986,-1910.6708,-127.42512,-3.1120455,1862.0193048333,-5876.4243,14.81934,20.950481318629,7,6,3989.26398101367,177.930691810453,334.587687096986,1626.22733425507,6,-178.30707280268,-3.76223538686698
kickEvent44,1529.289694208,1529.289694208,1,yellow,3,blue,0,-3702.89,-110.88362,1709.07063026256,21165.1119966354,-3610.4907,-433.68057,-3.1142592,999.231356276996,-5882.4717,18.340427,157.793853755656,7,6,2299.78467019943,177.236424957296,317.288346974667,195.098930345434,6,-178.433908469788,-4.32966657291605
kickEvent45,1535.161465344,1535.161465344,1,yellow,3,blue,1,-3382.5757,170.32005,2702.12544575765,27785.0716767656,-3848.3013,1959.0182,-2.1069326,951.04825541793,-5872.549,-45.12576,147.092694238293,7,6,2622.9599473996,-176.27691955607,322.182017630755,1084.3555852171,4,-120.718345698525,-55.5585738575442
kickEvent46,1619.914608896,1619.914608896,1,yellow,3,blue,1,-5083.3877,307.82053,4262.03764972791,255493.655950754,-5051.1807,2391.9397,-1.9422296,967.011029671793,-5288.1724,-1329.8248,1551.26877034487,7,6,966.918604227249,-161.436706271784,274.33020776117,1288.32903127687,0,-111.281558925382,-50.1551473464017
kickEvent47,1797.507478528,1797.507478528,2,yellow,3,blue,1,-3927.5464,254.18396,2956.86462182546,57664.2554843794,-3234.5947,1811.0209,-2.6702466,887.115399217305,-5879.1973,-114.77741,594.89311548098,6,6,2087.98309611794,-173.007662773341,313.577807645611,1570.02007580213,2,-152.993860439158,-20.0138023341837
kickEvent48,128.232676352,128.232676352,2,blue,0,yellow,0,2195.4583,1003.9481,3682.10444528893,131897.607876447,2201.511,1129.1017,-1.5971489,106.575753215971,5601.7026,-78.819046,443.434628522056,8,8,3934.7743689483,-14.7823292574069,25.020202774159,1794.48749566058,2,-91.509891223962,76.7275619665551
kickEvent49,135.46228096,135.46228096,5,blue,0,yellow,1,4582.799,124.532875,3137.68674140996,27361.3250893156,4066.8657,-1410.6865,0.4535007,1341.51476395151,5719.9316,531.5335,914.668909281847,8,8,1422.66198070967,-5.02181961689221,64.5508752899595,1207.77483776288,1,25.9836761162285,-31.0054957331207
kickEvent50,204.16209536,204.16209536,6,blue,0,yellow,0,5050.4136,1153.4242,1834.35041193226,29403.7153525429,5899.2744,1966.472,-2.7882872,703.085846177481,5828.0435,883.2884,21.1957172199467,8,8,1494.02199321516,-50.5361948346053,50.2395214288704,823.214195586817,1,-159.75708863035,109.220893795744
kickEvent51,239.049003264,239.049003264,5,blue,0,yellow,0,5265.139,-1635.2825,1841.21993121827,47242.3053771368,5055.2524,-3240.144,1.2802005,605.879137209287,5779.626,-626.15607,68.2935278276292,8,8,1792.81051539956,65.8018683944901,28.8191465803072,489.454848978514,1,73.3500855805378,-7.54821718604761
kickEvent52,257.563195904,257.563195904,6,blue,0,yellow,0,2944.1243,1256.3551,1462.12674319987,105015.612542352,2982.946,1352.7455,-2.2020028,1276.18492430657,5600.0605,155.70877,36.16205635114,8,8,3304.05878143027,-22.3489206295886,28.5570148925508,614.727799592064,1,-126.16546691599,103.816546286401
kickEvent53,306.993013248,306.993013248,6,blue,0,yellow,0,3688.7852,2486.0088,7041.58885728336,217136.503538365,1841.7133,-742.59515,0.35629886,2979.167052934,5797.8213,715.6122,703.363852703409,8,8,3394.40033075306,-47.0867340847655,21.2246077048105,1170.73003879993,1,20.4144209233226,-67.5011550080881
kickEvent54,323.708109568,323.708109568,7,blue,0,yellow,0,2821.6997,-1259.47,6742.90719197714,427226.10003558,4465.9595,-3323.7915,1.1322594,2178.05222772106,5604.478,2.4443464,489.997886521268,7,8,3418.75086513775,21.6170142564464,27.741017955282,1293.77131311392,2,64.8736849340149,-43.2566706775685
kickEvent55,467.824005376,467.824005376,10,blue,0,yellow,0,2999.2449,-1031.6478,3540.83822625166,189710.879070558,2821.4475,747.9391,-1.4132339,746.631108980184,5615.233,-273.71368,47.5576507104892,7,7,3173.14171656749,18.9727682674364,30.2581730516557,798.052386860825,2,-80.9723379348134,99.9451062022498
kickEvent56,495.495945472,495.495945472,2,blue,0,yellow,0,4904.2236,2560.5356,1465.90706264065,48875.9289190786,4817.3115,2614.7349,-0.8185407,1326.29339332351,5802.5312,727.89764,232.590109407194,7,7,2785.15142813893,-66.8315875083013,15.850196698586,350.699015237083,1,-46.8989274696841,-19.9326600386172
kickEvent57,592.154306048,592.154306048,6,blue,0,yellow,1,4924.202,4169.2656,5685.57674779771,328988.30098798,3759.3188,1597.0187,1.137654,1332.00448934769,5827.3823,839.2149,62.8765348974631,7,7,4305.82361228922,-75.5315291754481,6.23298832162984,758.84805924196,4,65.1827727461762,-140.714301921624
kickEvent58,646.727742208,646.727742208,6,blue,0,yellow,1,4012.9043,2062.1973,752.393511652803,35401.8041076416,3968.2627,2145.463,-1.0661997,550.420666086758,4422.258,1591.9663,194.591806965684,7,7,2863.77496062204,-46.0625339846391,25.82338988006,98.8898821422089,2,-61.0887429281145,15.0262089434754
kickEvent59,713.913494016,713.913494016,6,blue,0,yellow,0,3966.4246,2302.004,3382.3910599175,259579.161902963,2468.2334,2265.1265,-0.1605943,940.752177593743,4617.226,1637.2245,208.94831928787,7,7,3071.58775285701,-48.5428297210278,22.9971203235683,335.769160216793,3,-9.2013756038578,-39.34145411717
kickEvent60,743.900419328,743.900419328,1,blue,0,yellow,0,2214.9507,-689.2691,550.392376896801,22833.897513682,2263.634,-609.1329,-2.1111646,285.853931378351,5608.8584,-148.32777,178.125731691149,7,7,3847.29646578546,10.3206462688215,25.9632211446631,1184.68783658083,1,-120.960821437425,131.281467706246
kickEvent61,750.814160896,750.814160896,1,blue,0,yellow,0,1898.8743,961.32367,822.551814520005,30701.3953561097,1980.8008,996.3549,-2.8738234,904.671735614424,5646.1323,354.9003,950.101063817162,7,7,4212.28859477871,-13.1922308044895,23.5545707995407,694.46210866939,3,-164.657951885937,151.465721081447
kickEvent62,955.332434432,955.332434432,2,blue,0,yellow,0,4273.4404,-2361.498,4458.55787259561,218674.069079155,4319.9243,-2431.196,2.142972,233.373399451911,5301.4004,-1427.2672,1600.39072971352,7,7,2925.35140732804,53.8283806096878,21.8570746867118,453.92187025638,1,122.783251214709,-68.9548706050213
kickEvent63,1121.991281408,1121.991281408,1,blue,0,yellow,1,6141.2075,-378.5874,3906.65177570643,206872.428013846,4092.7979,-220.37132,-0.082193345,726.501874661819,4953.59,144.42287,675.38246366838,7,6,404.064323462255,110.454771360421,201.455426465691,1297.68064978704,0,-4.70933177256271,115.164103132983
kickEvent64,1179.96312064,1179.96312064,6,blue,0,yellow,0,2923.5547,403.59045,2167.51103253177,74583.3282529828,2970.4028,483.86343,-2.1232817,274.18963355234,5593.3335,-19.615097,327.514818904803,8,6,3102.80533311764,-7.47379679343287,32.1300966721965,1055.11071236917,2,-121.655080127363,114.18128333393
kickEvent65,1196.692420096,1196.692420096,2,blue,0,yellow,1,3745.8042,-204.81421,346.06183307423,30365.8621447987,3711.9343,-107.74974,-1.1397487,302.0844562278,5598.4683,-108.84189,253.891841658305,8,6,2263.48129335225,5.19158831589604,43.2497196391545,133.899116654452,1,-65.3027902155222,70.4943785314182
kickEvent66,1337.59432064,1337.59432064,2,blue,0,yellow,0,2826.0593,-1176.6284,3021.65989269186,140340.918223651,2850.3284,-1259.0577,1.8472571,206.413155267724,5604.025,-40.191856,444.802639166917,8,7,3385.01904851406,20.3405142676826,28.2146082612255,1354.37674032269,3,105.840035505576,-85.4995212378933
kickEvent67,1391.849947904,1391.849947904,2,yellow,0,blue,0,-2479.6108,-3730.193,478.537933899454,40067.2639725499,-2418.696,-3848.6152,2.1228964,338.010257455304,-5626.4834,-527.0936,0,8,7,5129.08178300226,133.342544282027,13.9565475400285,467.385692654365,3,121.633004063516,11.7095402185107
kickEvent68,1477.252986112,1477.252986112,2,blue,0,yellow,0,4623.1978,-99.12292,3868.19714633219,39921.4506162236,4541.8027,-2787.7212,1.0911614,850.365863008702,5700.091,454.36224,902.31209108004,7,7,1380.36576717701,4.11790659075591,66.154071934313,1210.80336411263,1,62.5189429875862,-58.4010363968303
kickEvent69,1527.62593152,1527.62593152,7,blue,0,yellow,0,2909.8503,-1144.1187,4704.23120723457,46808.8712006873,5276.2476,2518.046,-1.466823,1515.69167399344,5633.207,-313.91525,43.0814905642542,7,7,3295.15292029062,20.316921362287,28.9675105283003,993.864456410682,2,-84.0427671927179,104.359688555005
kickEvent70,1927.274561536,1927.274561536,6,blue,0,yellow,0,2123.9897,-988.38617,3209.32874491212,118903.158947993,2159.3198,-1360.6218,1.6124521,117.888671827492,5599.558,17.941242,316.972887129999,7,7,4000.04538308672,14.3056010290822,24.6689600108002,1913.17182545423,1,92.3866999970066,-78.0810989679244
kickEvent71,1946.202691584,1946.202691584,2,blue,0,yellow,0,3926.5583,-1154.8733,3364.69359665115,222960.646355388,3441.1318,-2597.267,0.7757652,1597.45355954921,5646.972,-36.646164,737.279954423496,7,7,2373.3716148871,29.11709557908,37.7344920265748,1424.38354425717,1,44.4480718531222,-15.3309762740422
kickEvent72,1982.98875648,1982.98875648,6,blue,0,yellow,0,4338.3936,-1291.5076,5878.74803630614,97522.0657685975,2105.0276,138.52835,-0.09378077,1545.72562222397,5418.7954,-1588.8668,351.27016147055,7,8,2104.50177224414,37.8566537861727,39.5722995404965,565.595008387954,0,-5.37324232048709,43.2298961066598
kickEvent73,1988.724520448,1988.724520448,5,blue,0,yellow,0,5296.3315,1699.5308,7483.515969979,251055.417864257,5453.7524,-1968.4829,0.87270105,1514.45934224809,5809.168,593.95435,968.242603882137,7,8,1839.44401872981,-67.508639174852,26.2046167900522,349.444396576923,1,50.0020869416354,-117.510726116487
kickEvent74,2044.303902208,2044.303902208,12,blue,0,yellow,0,2369.5396,-1237.5394,3517.77863626799,208749.126725898,1073.8334,-147.0052675,0.0800926275,656.007001849947,5663.9814,-395.9563,334.00745622311,7,8,3835.58945698318,18.8230479255638,25.176926780281,1144.60602367763,1,4.58896952586343,14.2340783997003
kickEvent75,2059.303805696,2059.303805696,5,blue,0,yellow,1,5062.774,-1888.8114,476.237742367233,27339.046014944,5004.8784,-1963.6583,0.82776254,402.442123060394,5224.841,-1551.2224,145.310321964143,7,8,2108.5542629598,63.6094465655861,24.8900332893206,271.425390641351,1,47.427299981029,16.1821465845572
kickEvent76,2117.188107008,2117.188107008,12,blue,0,yellow,0,-1403.647,1003.4637,666.309040624475,22981.8327764662,-1308.9524,1026.7014,-2.7317262,634.009084681408,5597.94,70.67411,22.61564310593,8,8,7471.34046191356,-7.71862927946859,13.6177297888794,271.474313823021,5,-156.51638204531,148.797752765842
kickEvent77,2142.448138496,2142.448138496,14,blue,0,yellow,0,4286.2993,1841.7924,5154.39422495278,248112.809629578,2751.853,-537.0636,0.23087879,566.787799746657,5835.9463,784.17694,852.837038321481,8,8,2515.74429024061,-47.0632696820386,29.2016893430824,549.788092482449,1,13.2283802460872,-60.2916499281258
kickEvent78,2168.619716608,2168.619716608,12,blue,0,yellow,0,4545.8374,412.287,4267.61438192904,253886.296500714,4579.259,2145.3916,-1.1945907,934.207935478738,6007.481,1.637281,1527.0953110877,8,8,1511.47922169237,-15.8291967220887,60.6051821397157,441.844649253188,0,-68.4450053555787,52.6158086334899
kickEvent79,2270.79265152,2270.79265152,12,blue,0,yellow,0,3115.7761,-1071.0022,4313.19429316265,188919.126593857,3228.6633,1105.3447,-1.6428219,669.798881229452,5593.606,-181.13211,210.148682686295,8,8,3076.65292448402,20.3715303190649,30.9546398803385,454.017216782125,4,-94.126761361663,114.498291680728
kickEvent80,2311.293308928,2311.293308928,1,blue,0,yellow,0,5033.169,-4343.484,5030.84101205416,256445.427000693,2405.787,-4095.0679,0.7636511,148.827277706739,5837.9146,-852.55884,75.066038631284,8,8,4449.78824673905,77.4509261444243,5.23594834409434,757.290984189328,6,43.7539850505228,33.6969410939016
kickEvent81,2409.76582784,2409.76582784,6,blue,0,yellow,0,4040.2837,-242.12904,4082.14326616387,50204.4581330906,5538.235,-2149.5173,1.3838273,430.556521041335,5609.5586,178.11787,217.009730591227,8,8,1974.61754486711,7.04337646747773,48.790521165548,364.350546675553,1,79.287463864984,-72.2440873975063
kickEvent82,2416.737410816,2416.737410816,6,blue,0,yellow,0,3113.2097,-1309.3496,4764.75279487888,341799.407363968,3208.4246,-1594.1589,1.75759,861.014948577078,5610.385,-48.377865,688.140867653552,8,8,3169.85088153911,24.3974229441296,29.3571555174527,1035.05828989453,1,100.702489114398,-76.3050661702687
kickEvent83,2454.380338944,2454.380338944,6,blue,0,yellow,1,4722.6973,-2077.575,603.369825226114,27931.9089140792,4779.07,-2140.2112,2.187158,241.882412444619,5569.5576,-670.7356,1634.08326525434,8,8,2438.81530011034,58.4166075422506,24.1082406911219,448.708612769189,1,125.314922528274,-66.8983149860235
kickEvent84,2455.995595776,2455.995595776,5,blue,0,yellow,0,5755.3975,536.6037,3786.05890416005,276705.185518678,4942.2563,2143.3145,-1.0748241,1611.33723297145,5277.1597,-569.2967,2155.38398744097,8,8,589.723591066137,-65.4948629800927,136.392684698787,1204.8763787497,0,-61.5828846489472,-3.91197833114557
kickEvent85,2507.509899776,2507.509899776,7,blue,0,yellow,0,3511.7212,-2297.196,3115.93253892296,110273.33389254,3599.6826,-2412.3582,2.1741152,153.559001600714,5627.9873,-260.096,420.279471543434,8,8,3386.53818064191,42.7134087155528,22.7927898976641,403.011955461138,2,124.567625135241,-81.8542164196881
kickEvent86,2517.93886848,2517.93886848,2,blue,0,yellow,0,4304.034,57.819584,5139.37595207223,279281.740149963,5394.6196,-2095.308,1.4252523,1423.95567677113,5799.722,217.17798,1093.05439733283,8,8,1696.95131852683,-1.9525954778754,55.8641839582342,1033.07480976993,1,81.6609415313135,-83.6135370091889
kickEvent87,2535.895845888,2535.895845888,7,blue,0,yellow,0,4132.005,-1529.8083,4117.07246248024,44975.0377870272,2592.7317,843.1397,-0.26587534,1161.72375502659,5807.999,-714.20276,588.3986103646,8,8,2414.48105289188,39.3160147660922,33.8156204781116,644.871625679755,1,-15.2335348586058,54.549549624698
kickEvent88,2556.195854848,2556.195854848,7,blue,0,yellow,0,5791.44,4278.177,5995.67043406092,274281.599368232,1390.4658,-761.941,0.2814962,2311.70410818593,5837.185,894.4425,53.5581868007977,8,8,4283.25760571659,-87.2090553936793,1.22637126351223,740.322737980254,5,16.1285442089705,-103.33759960265
kickEvent89,2592.725753856,2592.725753856,12,blue,0,yellow,0,2124.1125,-299.5781,850.379103480076,19792.6669767642,2094.7212,-386.25754,1.0989532,948.1434804479,5592.4233,-142.85226,663.612214634454,8,8,3887.44787111748,4.41976229062629,26.0029889703299,497.087627506119,4,62.9653802423963,-58.54561795177
kickEvent90,2638.69778304,2638.69778304,12,blue,0,yellow,0,3490.2476,-862.96313,4557.56883761912,293343.235143962,-2977.2693,-529.9228,-0.2311727,2277.60842366768,5657.7256,-411.83994,631.756606179106,8,8,2653.97107615082,18.9752207608945,35.9313955762302,678.649350952505,1,-13.2452200486439,32.2204408095384
kickEvent91,2647.211471872,2647.211471872,2,blue,0,yellow,1,2845.5498,-286.04327,3560.02193618442,48860.6718910665,3670.794,-2485.9531,2.1344597,900.991044177767,5615.754,135.97327,470.787901699361,8,8,3167.39274744897,5.18136931719274,31.6196743807129,906.444523729828,2,122.29553235076,-117.114163033567
kickEvent92,641.421118464,641.421118464,12,blue,3,yellow,1,4277.8267,488.32358,2735.1848124174,47760.9376616829,4015.5935,2240.7534,-1.0575458,530.25090106316,5886.908,-46.94557,589.099297133022,8,7,1790.06725963493,-15.8307261500059,52.3178632636647,552.097811319724,1,-60.5929109817863,44.7621848317803
kickEvent94,725.538013184,686.621183872,4,yellow,10,blue,0,2773.9976,-2648.7957,473.053799850028,11354.5997712958,4011.9177,-1627.9142,-2.4913836,355.536754843959,-5822.007,-121.74353,6.39529442842167,8,7,9165.1051573424,163.201378609569,10.7494958191589,104.155042925295,6,-142.745765428109,-54.0528559623222
kickEvent94,726.122400768,726.122400768,12,blue,3,yellow,0,2877.5583,-2664.7727,242.930903320452,32884.4015941942,2831.269,-2740.9976,1.1935979,538.729077156786,5864.7344,-200.71063,71.2890806608684,8,7,4104.95501955432,40.4783012004074,19.3096633131746,222.272652838535,6,68.3881221056781,-27.9098209052707
kickEvent95,783.666577152,783.666577152,11,blue,3,yellow,1,2238.1284,-222.48889,203.214218557391,18996.9236280405,2283.2007,-139.33128,-2.2026143,402.484025220835,5881.343,-20.271132,10.1232970606771,8,7,3768.44520207738,3.38470938064988,26.8238481904753,527.230841732712,5,-126.200503285162,129.585212665812
kickEvent96,1259.473346816,1259.473346816,13,blue,3,yellow,1,3813.93,285.21948,3960.66483782335,224102.842877394,3735.2502,2068.4878,-0.8443622,1766.841089431,5883.8564,-104.509224,512.746420042155,8,7,2204.59796712949,-7.43346744866708,44.1725613624636,368.980659970831,1,-48.3783904403811,40.944922991714
kickEvent97,1290.548745216,1290.548745216,1,yellow,10,blue,0,-2.37023065,0.8326064,120.569340808932,26794.1747107888,84.51976,3939.082,-2.4931006,1534.10749131649,-5819.6147,-12.403615,14.2743448983556,8,7,5997.62982714228,-179.992046052483,342.931825737632,683.484788666564,8,-142.844142281533,-37.1479037709502
kickEvent98,1306.55860352,1306.55860352,11,blue,3,yellow,1,2764.4019,1854.3043,545.658710924173,22875.480334078,2844.0928,1817.6898,2.7106571,517.565906992015,5873.162,162.19308,111.754492444735,8,7,3729.28136531988,-29.8167957769805,23.9732567135114,515.662832836438,4,155.309211537171,174.873992685848
kickEvent99,1370.090170112,1370.090170112,1,blue,3,yellow,1,1671.433,-192.72081,451.640970313841,28016.297413669,1758.214,-154.24484,-2.642285,480.949590479215,5863.0312,-21.07326,61.2662143423615,8,7,4332.8551307534,2.5492966762828,23.4479688065469,210.507119808661,4,-151.391778770725,153.941075447008
kickEvent100,1436.560602624,1436.560602624,1,blue,3,yellow,1,4151.324,-1866.6366,685.816526554705,23468.6723581213,4214.8726,-1923.9359,2.4642785,598.22579853231,5338.5894,-436.18893,2278.35693735689,8,7,2627.15343088971,45.2769776522572,28.6448290341634,208.08341233688,1,141.192757594829,-95.915779942572
kickEvent101,1476.875345408,1476.875345408,7,blue,3,yellow,0,2092.2322,894.166,512.688498142183,29138.8045566775,2179.9048,923.91144,-2.7078042,515.756471045682,5948.545,501.4037,1158.9775837741,8,7,4008.7631526785,-12.8884044337287,24.7467231073229,377.514441455807,4,-155.145752407798,142.25734797407
kickEvent102,1583.205386752,1583.205386752,13,blue,3,yellow,1,4701.4004,-299.80453,4100.33290692744,263529.612574117,4296.737,-2118.6296,1.2764442,2091.27634406182,5799.2563,174.75394,1804.08445396186,8,7,1332.75792150288,12.9999660431175,67.5412695009516,730.025238492425,1,73.1348654439528,-60.1348994008352
kickEvent103,1628.739101184,1628.739101184,1,blue,3,yellow,0,-114.16721,1763.9011,1082.34705360223,102371.830580027,-81.08782,1662.04075,1.78180145,1475.50952956297,5719.9272,109.76302,123.919103666443,8,7,6363.52007637443,-16.0925380826833,15.5000619868179,3915.55857213733,3,102.08970301529,-118.182241097974
kickEvent104,1685.977603072,1685.977603072,13,blue,3,yellow,0,2378.449,-2271.4949,502.675935104304,22822.6677552406,2444.4377,-2331.9565,2.600205,530.272856450714,5845.0264,-320.26807,1009.09809066998,8,7,4274.96441228778,32.0965966297771,20.4676881285354,732.734915603433,4,148.980772368814,-116.884175739037
kickEvent105,1687.9498624,1687.9498624,9,blue,3,yellow,1,3927.5803,-1045.4733,749.319336263099,60931.2527781498,3595.7043,-1229.0302,0.64648545,1755.85207010109,5845.7783,50.745617,1171.46441031736,8,7,2321.19319186512,26.7695684635015,39.1750411316125,146.525801639882,1,37.0408878016158,-10.2713193381143
kickEvent106,2243.059599616,2243.059599616,1,blue,3,yellow,0,-8.0588085,-20.541479,360.4010893922,124559.016858178,177.5366525,-11.14336475,-3.058665225,601.793783189376,-5742.6895,-2.6991458,0,8,8,5991.97640138493,179.803580275001,342.91605377076,897.695942736565,8,-175.248608335932,-4.94781138906704
kickEvent107,2245.491038464,2245.491038464,9,yellow,10,blue,0,-2974.8945,-297.8178,791.455105323734,22273.3950136393,-3437.9736,-417.8955,0.00581397,1492.2889096875,5824.276,9.045009,21.7882852824611,8,8,8979.83444881514,1.90057320032478,11.4405332569105,1526.78068240831,4,0.333115943215675,1.56745725710911
kickEvent108,2285.620493568,2285.620493568,1,blue,3,yellow,1,-788.1495,457.2993,2480.52935408575,35091.5145093058,-686.266025,428.06015,2.8897351,3200.89917039178,-5747.724,31.70684,61.8581139938715,8,7,5231.87426111625,-174.985583318136,340.547828478131,1235.91275281567,7,165.569625140815,19.444791541049
kickEvent109,2416.907631104,2416.907631104,12,blue,3,yellow,1,-2105.5752,629.6541,320.655616479343,17964.9138250732,-2043.8052,708.18243,-2.1660087,540.936901423769,-5882.4253,46.939354,37.1367564080087,7,7,3944.99794784507,-170.815843356623,334.585040346596,932.994332849997,7,-124.103156898618,-46.7126864580052
kickEvent110,2520.866042624,2520.866042624,9,blue,3,yellow,0,-1973.5387,-50.749043,171.897819761222,20875.3081847758,286.93535,1464.53635,-2.82197225,4411.22480117724,-5875.4277,4.987616,8.79068686252861,7,7,4026.78110477378,179.277888993427,334.804252376203,241.5161025778,7,-161.687099828037,-19.0350111785363
kickEvent111,2520.866042624,2520.866042624,9,blue,3,yellow,0,-1973.5387,-50.749043,171.897819761222,16415.0272743022,286.93535,1464.53635,-2.82197225,4411.22480117724,-5875.4277,4.987616,8.79068686252861,7,7,4026.78110477378,179.277888993427,334.804252376203,241.5161025778,7,-161.687099828037,-19.0350111785363
kickEvent112,2559.124077824,2559.124077824,11,blue,3,yellow,1,-3843.4531,247.53316,4112.67302825139,254273.954261364,-4233.651,2185.0657,-1.8813845,1418.62407623079,-5886.76,-80.97601,356.841753503705,7,7,2170.70661241891,-173.45212102912,315.148564010988,327.554431450643,6,-107.795391491331,-65.6567295377897
kickEvent113,27.098371328,27.098371328,15,blue,3,yellow,0,-4096.7373,-4214.199,328.720385441719,27290.8253439004,-4082.2124,-4335.8047,2.0060868,351.648220716987,-5868.345,-430.02576,114.292118582185,8,8,4624.0547268401,114.305408124264,9.45480441613871,854.436702711915,2,114.940306976905,-0.634898852640468
kickEvent114,53.756508672,53.756508672,8,yellow,12,blue,0,1266.5172,-2361.9658,672.434668562935,22131.958960596,981.0442125,-2252.631625,0.418010535,11314.0078722175,5850.615,-10.635665,210.743056453338,8,8,5290.06066678497,26.5187880522147,17.4081037202465,181.807383323395,3,23.9502394475056,2.56854860470913
kickEvent115,207.826725632,207.826725632,4,yellow,12,blue,0,-2053.4607,878.75903,426.963724603342,19086.8589756866,-2256.796,805.2962,-0.07896625,771.481064199006,5843.7217,230.16353,1199.2141102727,8,8,8101.26204237655,-6.22723296878431,12.6060130401126,461.635300188086,2,-4.52443284897494,-1.70280011980937
kickEvent116,317.242335616,317.242335616,0,blue,3,yellow,0,-444.993625,4290.191875,841.963561216494,691378.476467996,-319.6399625,4383.0245,-2.523157125,6524.33714434196,-5698.694,294.29578,4.41350571410415,8,8,7018.82056691911,-142.320700430088,11.6599727139544,940.148820352869,7,-144.566254310863,2.24555388077433
kickEvent117,328.970685696,328.970685696,0,blue,3,yellow,0,-3618.4885,-1586.958,2998.89601766471,70313.7233709522,-3669.45,-3239.303,2.4467163,1507.26413603027,-5879.0938,-128.26982,342.423579562327,8,8,2861.82332061157,146.321865334326,30.1503285288859,1187.2426434652,1,140.186517655865,6.13534767846188
kickEvent118,876.534913024,876.534913024,4,yellow,12,blue,0,-3308.1545,-2236.6323,870.970294016801,65956.3071995364,-3471.1926,-2356.739,0.023230018,600.573899031987,5850.9307,-33.206966,151.063508129366,7,7,9573.10107756486,13.5113025696038,10.4509271233487,484.473314705733,4,1.33098198941293,12.1803205801908
kickEvent119,1318.844095744,1318.844095744,9,yellow,12,blue,0,2560.386,508.81253,2000.42972487034,54328.0616204946,1382.9915,603.316,-0.04543817,3166.83538774209,5881.8564,760.02466,465.174161585481,6,6,3477.04395423483,-8.41458211717528,28.7616180272499,561.190929241648,5,-2.60341536979795,-5.81116674737732
kickEvent120,1455.260117504,1455.260117504,13,blue,3,yellow,0,1335.3279,2647.1982,468.937280156993,39581.0502837098,1370.5814,2869.4768,-2.6900082,979.959355995656,-5696.0786,140.9741,0,5,7,7798.37763323896,-160.156327408452,12.4097479042681,270.30643106075,3,-154.126116715583,-6.03021069286877
kickEvent121,2039.31088128,2039.31088128,7,yellow,12,blue,0,-9.17173925,5.1872245,678.912333692535,964535.058663782,-151.4713,3.5810458,-0.009660512,971.758357608716,5786.1777,10.463426,523.758000535423,6,7,6009.17397810206,-0.0494587291415032,17.0358604290917,865.950908122111,3,-0.553506565535486,0.504047836393983
kickEvent122,2056.888197632,2056.888197632,5,yellow,12,blue,1,-2253.8828,778.50073,683.197515248429,16258.4279822127,-2427.6143,835.0989,0.031961456,833.394013421934,5711.3877,323.82092,1732.76928812618,6,7,8290.51534361685,-5.38815956835069,12.3382102189689,257.302291307122,2,1.83125653589308,-7.21941610424377
kickEvent123,2202.332967168,2202.332967168,8,yellow,12,blue,0,-1258.1626,3136.5144,487.504850589676,25517.2079691971,-1333.3491,3175.2634,-0.47136858,584.33788935704,5778.8315,128.57379,12.519223877753,6,7,7906.87339657378,-23.3709178319771,11.9538998328445,1903.57164423673,3,-27.0074302290747,3.63651239709764
kickEvent124,2263.550808064,2263.550808064,14,blue,3,yellow,0,3001.281,177.614,588.983502789898,22070.7086759025,3219.8372,179.73161,3.0304422,870.109297559543,-5705.5938,26.247557,28.2415142228521,7,7,9003.03317632213,-178.86958177068,348.584799885811,141.649931119167,7,173.63154811834,7.49887011097999
kickEvent125,2268.244368384,2268.244368384,11,yellow,12,blue,0,-449.01633,-319.34808,1110.80934793901,537228.13223482,-622.69556,-364.69843,-0.08432396,2204.30088461993,5700.4697,-868.89044,141.043046873114,7,7,6456.91836875815,2.83490729262009,15.8516927858324,176.404652792245,3,-4.83140701982997,7.66631431245006
kickEvent126,2612.621702656,2612.621702656,0,blue,3,yellow,0,-1456.9512,-3846.2534,76.4585640136206,10244.0835481053,-1383.3635,-3937.928,2.5284097,114.630325571221,-5750.226,-285.9514,34.8709869711178,6,7,5952.5589132904,139.747952565826,13.28897763809,803.733191894051,5,144.867204689939,-5.11925212411215
kickEvent127,2689.650408448,2689.650408448,5,blue,3,yellow,0,-1163.196775,-4324.4272,1690.08700526389,645604.45305493,-1060.5798,-4379.3184,2.3827033,221.339521598787,-5700.2163,-338.1923,41.9000041951427,5,6,6488.09186475271,138.201145472779,11.9080534447742,880.567960988822,2,136.518842921894,1.68230255088565
kickEvent128,2940.325623808,2940.325623808,7,yellow,12,blue,0,-3803.2607,2957.896,546.234328243717,44593.7799570407,-3887.06,2973.1106,-0.28164053,564.187469311959,5832.115,-244.65024,137.522911674151,5,6,10239.7787622087,-16.7899140263147,9.62585745345822,943.962504462042,3,-16.1368137088276,-0.653100317487005
kickEvent129,2955.824765696,2955.824765696,7,yellow,12,blue,0,658.27475,1848.4658,3047.25314511215,1982875.14626,550.76126,2026.65215,-0.40512057,4380.75169559884,5833.6343,-34.207256,522.919051192885,5,6,5652.50868732258,-19.087812399399,17.1586884688111,513.469346070982,3,-23.2116988549342,4.12388645553519
kickEvent130,2977.967270656,2977.967270656,4,yellow,12,blue,0,2720.009,4295.938,173.472986031105,19965.0908894889,2589.3093,4397.311,-0.92188346,588.522082666712,5698.1455,626.4611,372.429387562486,5,6,5404.94442708942,-52.6379093635285,11.742387475188,867.119732083915,4,-52.8200314609174,0.182122097388993
kickEvent131,2991.138855168,2991.138855168,0,blue,3,yellow,0,2803.4097,4358.498,214.305751976668,23452.5393169829,2943.1614,4358.4473,-3.1377149,115.91666086212,-5696.01,173.97531,17.2815321772307,5,6,9823.26458780675,-153.660354842286,9.40310963749865,813.910329941333,4,-179.777821085313,26.1174662430267
kickEvent132,3004.669274624,3004.669274624,4,yellow,12,blue,0,-3761.9,-4358.2637,349.407677260881,23498.1302933021,-4009.33,-3954.949,0.018695941,1326.94114672337,5852.0845,-51.88321,19.3941145779301,5,6,10690.6105573413,24.058683671256,8.80193228266887,305.085086018851,1,1.0711985133256,22.9874851579304
kickEvent133,3312.848403456,3312.848403456,5,blue,3,yellow,0,255.94458,4298.37865,3803.57384199971,1282877.80748518,390.959485,4299.60715,-3.1364503,6141.65180736129,-5697.0264,253.56667,22.4843312069267,5,5,7590.31630479305,-145.50754562193,11.2130279376216,846.557542897097,4,-179.705364842541,34.1978192206105
kickEvent134,3326.616857856,3326.616857856,0,blue,3,yellow,0,-972.7778,3205.1938,787.474403551741,38668.5317961677,-859.691415,3179.028025,1.363823975,2208.96852251239,-5751.4976,224.72629,22.0712626058354,5,5,5962.06594593948,-147.479737065211,14.6013742389912,109.605777510885,3,78.1413577662555,134.378905168534
kickEvent135,3460.43181824,3460.43181824,13,blue,3,yellow,0,2075.1328,4144.486,552.383382723297,29042.589988508,2228.2566,4137.371,3.1239696,144.485089571601,-5727.4126,203.54756,169.948699386482,5,4,9076.59263941221,-152.831264160446,10.1031324875734,2875.53202797588,2,178.990273407172,28.178462432382
kickEvent136,150.381595392,150.381595392,1,yellow,10,blue,0,2086.9553,-562.9369,514.421364286715,27403.3444432908,2195.555,-593.979,2.2348545,542.671033897697,-5819.801,-51.239582,29.701159643564,8,7,8106.52477807721,176.018036266763,347.359342182411,193.219224650413,8,128.04773067582,47.9703055909436
kickEvent137,184.830903808,184.830903808,1,yellow,10,blue,0,-5813.482,4302.4067,136.761047290897,18256.8004138987,-5794.421,4425.5854,-1.5418661,155.812015514778,-5897.9473,885.0236,0,8,7,4306.44776776973,-92.4823331775484,1.08447805927116,682.173109356598,2,-88.3424201042961,-4.13991307325224
kickEvent138,260.083979264,260.083979264,4,blue,12,yellow,0,4219.4453,2345.6025,1530.66788309961,34729.077949908,4126.3843,2390.1243,-0.53435427,1463.43410231225,5930.7427,837.67584,405.838478287574,8,6,2944.86436490687,-52.7977451484783,22.1780281098051,163.50574509888,1,-30.6162444357941,-22.1815007126842
kickEvent139,559.3302144,559.3302144,12,blue,12,yellow,0,5369.708,-2617.6377,2962.74690483795,38111.0343895865,4845.533,-3456.562,1.4976761,2566.3832388778,5587.2354,-657.24243,1454.54971356728,7,5,2692.45151000446,76.4616617473344,9.99226888788003,743.499413097952,1,85.810519607613,-9.34885786027861
kickEvent140,580.201931264,580.201931264,4,blue,12,yellow,0,1712.631,-439.3006,571.121334565352,21928.0317687648,1676.6246,-526.55975,1.0177568,513.564177352907,5852.824,-16.213524,111.563976246378,7,5,4309.81646469097,5.8503327901013,23.4810966864079,333.521315638669,4,58.3131692107402,-52.4628364206389
kickEvent141,584.615574784,584.615574784,5,yellow,10,blue,0,3381.0125,-2209.1648,496.850910471455,20110.5390615911,3526.7605,-2202.9324,2.8475306,662.996161285258,-5819.9106,-47.325726,59.7216129982434,7,5,9637.62442922089,166.748671512514,10.3922442748761,223.084172526986,4,163.151485414355,3.59718609815871
kickEvent142,837.14763008,837.14763008,7,blue,12,yellow,1,3145.0686,-768.7609,585.499581010868,24766.0940835285,3189.465,-843.10834,2.1134272,666.505259530432,5724.6377,-896.2122,63.0745031860613,7,6,2956.62419324384,15.0708370048639,32.9390781166803,239.647094664655,3,121.090458868151,-106.019621863287
kickEvent143,970.52783488,970.52783488,1,blue,12,yellow,0,-2073.0442,2537.4326,810.341280923813,29415.52974902,-2100.5652,2618.954,-1.3391446,811.997068234974,5849.8374,40.653637,136.989940538832,7,6,8462.42322592627,-17.4484165420517,11.5982851473998,171.367657922491,4,-76.7273337377348,59.2789171956831
kickEvent144,1322.897370624,1322.897370624,12,blue,12,yellow,0,2676.3948,-2030.3029,850.095554210741,20000.3521776293,2700.4248,-2116.3748,1.671862,844.653735745294,-5848.7993,177.12146,18.948202083005,7,6,8910.77755256046,166.829592085209,11.2391988056063,1291.14139103465,4,95.7906365283008,71.0389555569086
kickEvent145,1423.580786816,1423.580786816,7,blue,12,yellow,0,1046.965725,887.167575,4825.70812156663,769900.509349094,2814.6226,720.6528,-2.4314,2004.3339305458,-5882.999,-177.32281,884.692756568146,7,7,7102.59052990218,-172.824579858758,345.665019353221,561.415935189273,7,-139.308958308108,-33.5156215506501
kickEvent146,2148.4948032,2148.4948032,15,yellow,10,blue,0,1726.4163,-1388.098,449.411588073143,33465.6736403056,1560.5682,-1310.7821,1.3757993,631.277964594649,5825.132,-171.03424,12.4782918625886,7,7,4493.36552024312,17.9942576010254,21.6491399132264,93.0764479994805,3,78.827493347053,-60.8332357460276
kickEvent147,2211.087907328,2211.087907328,1,yellow,10,blue,0,-2854.897,253.47827,901.990624213253,64283.1698322868,-2940.7754,198.8983,0.16831438,986.805670445552,5819.714,28.257797,31.7665554290443,7,6,8858.52426276359,-1.63968819401452,11.5977327946338,167.418603237402,4,9.64370360536115,-11.2833917993757
kickEvent148,42.44370816,42.44370816,4,yellow,0,blue,0,-2691.6785,3466.5867,134.803421675915,17012.1369391964,-3226.8452,3285.3235,0.36646643,1423.85859410846,5604.4727,80.66847,54.8699341735443,8,8,9357.48355574185,-21.7440774165413,10.2228902403599,545.899790957608,3,20.9969797722264,-42.7410571887677
kickEvent149,47.974866688,47.974866688,10,yellow,0,blue,0,854.01263,-1051.196,3008.95901519794,1385314.45197138,639.86505,-990.31415,0.3805588,3553.80874400135,5604.0693,80.91575,17.4898696067838,8,8,5252.2565667164,11.54525030307,19.0822038594924,550.84181784007,2,21.8044130965632,-10.2591627934932
kickEvent150,111.873261312,111.873261312,6,blue,3,yellow,0,-1331.404,-1109.5294,509.791147676227,38886.0119784424,-1120.2909,-1070.2399,2.7582045,3553.27378902698,-5858.2983,-64.43652,54.3869653947623,8,7,4798.62939813864,166.631210031653,20.7190148775776,109.899326996529,5,158.033476883991,8.59773314766144
kickEvent151,431.56358656,431.56358656,10,yellow,0,blue,0,-152.63414,607.948175,2647.68933451681,2297674.41625581,-301.15068,696.2836,-0.065989367,5494.13344765559,5571.0464,77.70549,98.5365542283032,7,6,6182.59717628275,-5.64313728823452,16.4888200657467,196.961967773123,2,-3.78091222183987,-1.86222506639465
kickEvent152,453.47913408,453.47913408,10,yellow,0,blue,0,202.1984725,2514.10825,589.468870738786,343897.514251181,118.5676075,2555.90485,-0.45325518,1676.35627986362,5637.252,94.98597,701.904541201729,7,6,6319.43374401531,-23.4430648042903,14.9350328847947,392.74340713182,2,-25.9696088564424,2.52654405215218
kickEvent153,505.894489088,505.894489088,10,yellow,0,blue,0,2699.5474,3794.6816,1828.54581613573,52671.7781605223,2476.937,3861.5654,-0.9275235,1972.72761483245,5663.922,454.4528,297.985652359444,7,6,5029.17446607545,-48.9846418632537,13.6394605167542,862.548827434424,2,-53.1431819492024,4.1585400859487
kickEvent154,525.97995264,525.97995264,3,blue,3,yellow,0,141.642305,762.9663425,2182.4963617565,923574.505781356,258.2042525,816.196775,-3.05570805,2627.11025525605,-5733.9673,48.229652,264.209827792502,7,6,6188.85190017935,-172.918517555412,343.571182361057,165.111923359194,6,-175.079174689151,2.16065713373878
kickEvent155,529.464243712,529.464243712,3,blue,3,yellow,0,-763.66392,814.93545,4787.47410371827,1767503.66910283,-191.905905,936.44927,-2.72165605,3453.85422687503,-5817.1445,47.0212,145.622467597247,7,6,5299.3712202842,-171.153973197184,340.935337873326,2134.61548123932,6,-155.939404951247,-15.2145682459371
kickEvent156,727.568219648,727.568219648,10,yellow,0,blue,0,-514.342935,-3224.629025,2225.98678561495,677201.208540514,-603.689455,-3253.839575,0.3353310175,2345.95830959893,5575.722,69.61678,96.2060482803422,7,7,7268.76167057752,26.3356167932274,12.7015727063455,392.007944558237,2,19.2130520425775,7.12256475064987
kickEvent157,735.697257088,735.697257088,3,blue,3,yellow,0,966.102675,-2963.019625,761.473759088361,389265.133930184,1141.9731,-3069.0835,2.8161411,614.157796412296,-5699.8135,-173.6425,22.4343726776027,7,7,7570.07739569268,156.95760922509,12.5136359874827,265.51904400574,4,161.352999543329,-4.39539031823927
kickEvent158,806.93963392,806.93963392,7,blue,3,yellow,0,-3340.3157,350.27768,1900.82775897376,70178.2726776195,-3087.4458,1120.4541,-2.4326334,784.359302602397,-5869.606,-23.982807,394.49057070509,7,7,2682.65074670049,-172.497382766864,323.144628638359,701.07801306641,5,-139.37962692256,-33.1177558443042
kickEvent159,809.927479936,809.927479936,8,blue,3,yellow,0,967.4151025,-294.3791375,5664.98627144146,2160295.43974932,1761.8838,-666.019,2.6654978,1590.02772184334,-5715.4043,2.2609973,150.034097733264,7,7,6973.63121244165,177.58064415318,345.304928948946,145.45974317752,7,152.721774241406,24.8588699117738
kickEvent160,813.397034752,813.397034752,5,yellow,0,blue,0,-2786.5586,30.830675,1643.49043928025,117117.533997828,-2964.8137,172.51204,-0.012255324,2150.46533788747,5606.372,27.412477,105.826164611582,7,7,8786.61268986832,-0.201041202583327,11.696585494159,1295.53020739357,3,-0.702178341765386,0.501137139182059
kickEvent161,960.198945792,960.198945792,4,blue,3,yellow,1,-3326.0962,608.0002,409.087896414746,16467.7616178761,-3219.708,626.29913,-2.9830394,528.879252204628,-5731.8945,67.29227,1168.1491290037,8,7,2742.15713897918,-167.189727618801,324.346120149872,115.097656324582,4,-170.915567741237,3.7258401224363
kickEvent162,1663.523520256,1663.523520256,10,yellow,0,blue,0,-75.598365,-190.2133575,8236.29887242856,4912926.80799367,-568.808635,-197.0099775,-0.06996821,13274.2138853624,5824.586,903.6785,178.556920911253,7,6,6078.57521251174,1.79321660853913,16.8363851161702,712.867359774298,2,-4.00888313308504,5.80209974162417
kickEvent163,1843.482821888,1843.482821888,8,blue,3,yellow,0,-3207.9763,1171.4015,720.009342192891,57147.1811434068,-3073.2412,1198.5292,-2.7003722,766.170312764822,-5874.5913,130.12605,16.4706139693932,8,7,3027.80082164662,-157.239375899574,31.0196568338494,144.418729376387,3,-154.719930174457,-2.51944572511694
kickEvent164,1893.106608128,1893.106608128,11,yellow,0,blue,0,-3390.8782,1496.4418,412.635565538289,40077.171573953,-3555.352,1515.4681,-0.21432905,693.867933101942,5623.449,-33.37487,752.05115863685,8,7,9509.36020077179,-9.05399247601199,10.6815398044812,142.004057578085,2,-12.2801499920484,3.2261575160364
kickEvent165,1912.069527296,1912.069527296,8,blue,3,yellow,1,-4058.962,1023.5256,250.715680040891,15571.9030989959,-4043.0312,1182.2517,-2.6536121,456.217248915506,-4277.865,1055.6127,22.3084074206798,8,7,2194.3639559789,-152.196942943873,41.0990317710812,136.456888838783,0,-152.040773794847,-0.156169149025457
kickEvent166,2168.773473792,2168.773473792,6,blue,3,yellow,0,-4425.858,-2868.9407,4228.66156829084,172113.418006038,-3069.339,-273.27597,-2.8875995,661.493716707544,-5869.5913,-542.37305,617.236459572119,7,7,3272.42169902971,118.752874107135,15.9734495580552,626.651746750306,2,-165.447264274087,-75.7998616187783
kickEvent167,2378.963227648,2378.963227648,6,yellow,0,blue,0,2558.6377,3106.7996,348.226559361433,21548.951259991,2488.8281,3229.678,-0.78416675,679.867713131246,5666.0254,381.37634,669.347217081331,7,7,4636.28927423877,-42.075152218704,16.6710294966302,300.343457217916,3,-44.9294452094903,2.85429299078633
kickEvent168,2498.706562816,2498.706562816,8,blue,3,yellow,1,-4725.4,-1770.9309,518.445231994285,22777.0354280118,-4275.217,-2077.1445,1.7517639,1389.94968443472,-5878.857,-439.59344,8.20389594999622,7,7,2181.92607862292,125.743866129858,30.1442734240389,207.199776120439,1,100.368678173377,25.3751879564804
kickEvent169,123.790578944,123.790578944,6,yellow,10,blue,0,-4389.03,-211.16154,4841.08970887005,310135.443938079,-5753.529,-2015.892,1.6450602,196.675832627388,-5825.316,94.839516,564.181905648947,11,11,1624.75029985385,172.532399348591,302.252968693238,1456.05838179109,2,94.2550065049471,78.2773928436444
kickEvent170,151.005527808,151.005527808,6,yellow,10,blue,1,-3533.0483,-1594.1008,3371.4918714923,118859.332091282,-3592.2866,-1660.9923,1.0218843,213.771127753544,-5826.938,-265.64847,484.968984959863,11,11,2937.17688447487,147.130166450176,29.599082538919,587.229826125215,2,58.5496575406805,88.5805089094959
kickEvent171,261.878070528,261.878070528,10,yellow,10,blue,0,-3036.3198,-1480.0481,2014.49740664544,130089.794033876,-2721.1143,-2695.077,2.3076494,1500.21684243824,-5829.708,-228.2877,0,11,11,3312.69417637452,153.462670806629,27.693084304084,740.756771062688,2,132.218571215897,21.2440995907327
kickEvent172,276.450278144,276.450278144,1,yellow,10,blue,1,-3188.8,-1247.2068,662.493474362462,28754.9689178593,-3221.5828,-1160.1504,-1.3018982,608.284409280737,-5832.7905,-241.13109,322.730570481584,11,11,3075.4463484129,156.075227201854,30.3318955989128,424.578127160903,2,-74.5932722156788,-129.331500582467
kickEvent173,485.68206208,485.68206208,15,yellow,10,blue,0,-2659.3115,191.22672,2504.75478609005,95116.9404630425,-2693.664,274.60318,-1.0503329,230.551716903609,-5818.4155,-39.713295,376.138966428728,9,10,3346.15709620367,-176.723866730744,329.93204640991,994.259614258623,8,-60.1796422537363,-116.544224477008
kickEvent174,706.883947008,706.883947008,3,yellow,10,blue,0,-2944.5427,1842.8126,3470.13688378199,251502.183444527,-2861.892,972.6471,1.6589638,369.920541489082,-5844.1587,314.0196,372.41862925234,10,11,3568.16165424747,-148.904909709715,24.7650931221536,1029.50569770903,3,95.0516241049852,116.0434661853
kickEvent175,762.913753088,762.913753088,15,yellow,10,blue,1,-3849.5684,-665.579,2308.206322172,82692.4031557508,-3965.1318,-998.1662,1.1043689,837.653700867953,-5822.7793,-62.180195,553.542710103032,11,11,2251.07784661472,162.80220720364,317.722941135948,674.526659697191,9,63.2756769955053,99.5265302081343
kickEvent176,824.68529664,824.68529664,10,yellow,10,blue,0,1134.4669,-639.5239675,14372.0962502885,19801075.4059629,1203.4756,-1146.2661,1.6679746,1284.7173190137,-5820.3994,2.4240024,69.9655162207712,11,11,7163.07258459682,174.877773690794,345.732123549462,218.415008975145,11,95.5679049150217,79.3098687757721
kickEvent177,1174.974726144,1174.974726144,12,blue,0,yellow,0,-4.6993966,0.0982662,600.479368175318,865928.449823483,455.20923,-37.589287,2.9050835,14864.3005350555,-5757.253,-6.274786,39.7583794038567,10,10,5995.30060420532,-179.999060891371,342.925292158726,741.236896618714,10,166.449023683093,13.5519154255352
kickEvent178,1233.289238016,1233.289238016,7,yellow,10,blue,0,3944.2908,683.9751,4919.64962091428,263385.869266798,4291.1753,2595.4019,-1.0170523,619.408968122178,5841.1,-101.81248,795.861929368356,10,10,2166.50923201002,-18.4033040662239,43.6140754866882,419.763837601157,1,-58.2728043340733,39.8695002678493
kickEvent179,1314.490650624,1314.490650624,4,blue,0,yellow,0,-657.69104,-1800.8021,6340.12100416634,6492257.69023218,-701.927505,-1710.968225,-1.336867825,3093.32369719168,-5665.7124,-173.0043,85.5217885867797,9,10,5637.65494043939,161.371907625087,17.2478680768893,263.495971134191,3,-76.5968841393339,-122.031208235579
kickEvent180,1343.176961792,1343.176961792,3,yellow,10,blue,1,3107.528,-938.7156,2830.24134133402,112519.176211466,3081.89,-839.3083,-1.3347557,249.315860392974,5840.8804,-264.01382,437.781273589171,9,10,3040.98359884879,17.9801900715166,31.6768578285876,1055.38790590809,1,-76.4758682910299,94.4560583625465
kickEvent181,1388.878160128,1388.878160128,12,yellow,10,blue,1,4366.0547,-858.5832,1200.85966286177,15400.069315971,3815.1633,-826.46844,-0.53701246,2402.9854529971,5843.3877,-404.0024,449.234908959661,9,10,1845.79044171172,27.7204132906911,48.5560467635706,924.50154524648,1,-30.7685475039379,58.4889607946291
kickEvent182,1686.567297024,1686.567297024,11,yellow,10,blue,0,2349.425,2128.8784,3780.02234669466,100172.581043189,2494.3594,2313.3179,-2.2666461,507.654290413194,5823.2393,196.99907,241.219840979153,11,10,4225.96983810954,-30.2491331264264,21.0778897501348,914.941559949229,2,-129.869255179788,99.6201220533616
kickEvent183,1718.58191744,1718.58191744,11,yellow,10,blue,0,3852.9014,-192.41121,2054.81706020503,31155.2045004263,3442.8374,1080.4972,-0.3436473,1223.71226452336,5834.486,-201.2653,682.649774710752,10,10,2155.70277910839,5.12085487863942,45.206237231856,111.636948157857,2,-19.6895399310661,24.8103948097055
kickEvent184,1776.982605824,1776.982605824,2,yellow,10,blue,0,2470.2898,-1164.2977,3195.37837339765,109504.492360571,2557.9746,-1175.343,-3.1325574,296.590611857091,5791.496,-219.23878,816.174974570665,10,10,3716.77860925417,18.2554728870031,26.0383825752643,624.108014222759,2,-179.482318102474,-162.262209010522
kickEvent185,1801.31236992,1801.31236992,2,yellow,10,blue,1,3121.963,-265.61987,3369.72747568456,45900.946372718,2693.1826,2012.7,-0.5339388,957.436860041436,5828.594,-177.12971,489.987793113063,10,10,2890.26830739082,5.27300601265314,34.4786328561888,596.4436106575,2,-30.5924397582798,35.8654457709329
kickEvent186,1882.527582208,1882.527582208,15,yellow,10,blue,0,3047.5305,1139.5568,3104.83417250253,160813.100630253,3121.0642,1195.6656,-2.4782972,158.613964357721,5815.1377,90.21562,302.053816066323,9,11,3164.75367901777,-21.104959659263,29.9979061072532,1114.35118933313,2,-141.995969939089,120.891010279826
kickEvent187,1913.284844032,1913.284844032,15,yellow,10,blue,0,3099.0366,-999.2184,174.655827165435,17203.2183131956,3184.5728,-983.4425,-2.9720757,317.085645587482,5856.1523,-480.566,687.946201127977,9,11,3068.22848872735,19.0059431166884,31.2533237649005,321.630747380879,1,-170.28739400339,-170.706662879922
kickEvent188,1922.52780672,1922.52780672,2,yellow,10,blue,1,3497.2783,-242.76369,993.653656636475,25455.86070539,3558.7998,-306.11795,2.1296089,772.745406208349,5819.935,-25.994678,10.2667154941996,9,11,2514.46815784836,5.54035044764483,39.2559625413357,466.22626304478,2,122.017601983498,-116.477251535853
kickEvent189,143.024957184,143.024957184,13,yellow,0,blue,0,4992.979,2906.5222,493.381999944317,26910.0848505397,5063.824,3312.3206,-0.9667536,1133.23206069429,5746.812,769.157,271.435218501089,8,8,3076.03033039888,-70.890364292501,11.8326660591855,1067.96551486786,1,-55.3909011090786,-15.4994631834224
kickEvent190,191.999836288,191.999836288,3,blue,6,yellow,0,480.1409675,-625.472675,164.116214586888,35156.6789567855,592.334005,-753.94085,2.38306105,1064.56772995795,-5866.168,-102.426384,393.303043019961,8,8,6510.25675575422,174.486806337152,344.327482880348,282.874150427033,8,136.539340487014,37.9474658501371
kickEvent191,679.809923584,679.809923584,5,blue,6,yellow,0,-2593.1743,566.47406,3339.65854284318,124756.579300749,-2838.157,1411.1477,-1.1984245,441.099882395202,-5850.9023,54.894173,62.8723166979391,7,8,3453.60018109123,-170.559446143112,331.119054322909,654.156672561901,7,-68.6646659150759,-101.894780228036
kickEvent192,1080.952279296,1080.952279296,13,yellow,0,blue,0,2345.0986,183.65753,547.936420405766,40438.2668563424,2243.815,183.25282,-0.033521034,417.682007511656,5629.1675,-124.60678,534.670645614511,7,6,3659.51285447225,-2.87667348577736,27.6039121252072,296.371082695601,3,-1.92061377311454,-0.956059712662825
kickEvent193,1245.425064448,1245.425064448,5,blue,6,yellow,0,1398.2704,1682.3876,130.225633106518,17179.6301700675,1495.2849,1624.144,3.1265795,601.09630378481,-5849.238,46.13997,17.690362705859,7,6,7587.14919769935,-167.18864611538,13.2049382482608,1401.10572389856,4,179.139809662123,13.6715442224965
kickEvent194,1270.21805312,1270.21805312,0,yellow,0,blue,0,-427.429485,-2483.41415,1249.86753581731,63465.6240569919,-526.44867,-2529.6147,0.55089325,1907.0167377598,5651.9683,-36.672882,813.59661333358,7,6,6890.51490275346,21.1254104071582,13.9230361346709,291.996996146895,3,31.5638581872453,-10.4384477800871
kickEvent195,1300.325684736,1300.325684736,4,blue,6,yellow,0,1705.6487,-252.61107,444.478849244438,38994.822931778,1873.1437,-274.8959,3.10419,763.175777872757,-5849.448,-9.208297,93.480944728588,7,6,7709.78820983419,178.122368774297,346.690351230069,1785.29456719455,6,177.856985806715,0.265382967582104
kickEvent196,1323.91271424,1323.91271424,13,yellow,0,blue,0,-650.28906,3009.4504,4468.9978121218,299720.0003024,-739.72027,3029.62985,-0.21382563,729.391686728295,5607.2183,236.22545,42.8390089084076,7,6,7299.52986784874,-24.3481434782421,12.8507800783309,121.838353860423,3,-12.2513061507259,-12.0968373275162
kickEvent197,1796.462330624,1796.462330624,8,blue,6,yellow,0,1265.2081,-2658.791,700.232574424484,20678.9181822702,1132.5859,-2676.584,0.09292231,526.307909122425,5861.459,-671.0595,286.621562656685,8,7,5430.23239999787,29.3160997879267,16.5513893682515,143.792556761364,3,5.32405618560628,23.9920436023205
kickEvent198,1891.92,1891.92,6,blue,6,yellow,0,3445.207,-3139.2646,1890.26793867524,31359.6737656622,2726.7769,-2852.027,0.56328785,1195.14798266396,5876.154,-635.31714,480.041756526026,8,7,4047.46210626637,50.8606507400925,16.4526513728452,1395.05808641496,2,32.2740164559982,18.5866342840943
kickEvent199,2484.056246784,2484.056246784,7,blue,6,yellow,0,1262.1451,4303.4175,194.28354196627,20978.7845408846,1094.8657,4375.2505,-0.6716524,270.804288102453,5759.2983,339.73953,118.387419226682,8,6,6400.52116883932,-42.249026681641,11.9898633371537,860.500940210509,4,-38.4828478198326,-3.76617886180838
kickEvent200,2533.088836352,2533.088836352,7,blue,6,yellow,0,700.6085625,-1009.7024,2525.51527678155,130694.089545367,229.651385,129.48633375,0.022701636,911.182971180179,5863.0957,-74.710106,149.274580656745,8,6,5394.72413978825,10.7873704986336,18.6313580718745,738.393990651679,4,1.30070793084225,9.4866625677914
kickEvent201,2583.507595008,2583.507595008,8,blue,6,yellow,0,-2139.923,3125.228,315.708083028267,24301.8917553427,-2277.019,3216.7166,-0.4025097,245.267167548377,5845.512,-275.8218,102.769639618393,8,5,8719.25435446822,-21.0037072893862,11.0230974014535,1545.37606436818,3,-23.0621070230769,2.05839973369069
kickEvent202,2588.021353472,2588.021353472,2,yellow,0,blue,0,364.47334,1810.9222,791.070925493342,33067.0065326237,586.3567,1870.42285,-2.7758205,1522.09836751803,-5606.232,150.69008,33.3262354903524,8,5,6617.09604811836,-164.117035705257,14.9261843364677,347.979496561301,4,-159.042799335894,-5.07423636936285
kickEvent203,2613.379297792,2613.379297792,4,blue,6,yellow,0,-3419.4458,2549.191,217.489855251814,20781.3320989163,-3553.3184,2608.0251,-0.22023654,364.531937472266,5797.3047,99.27599,973.24233641095,7,6,9758.29564696718,-15.1432496768848,10.1807078878532,2166.49255671588,4,-12.6186242365641,-2.52462544032067
kickEvent204,2874.150557952,2874.150557952,7,blue,6,yellow,0,-570.192775,-681.33842,886.502050790189,43730.3679187082,-737.0513325,-805.9949625,-0.02610783765,1563.18740485235,5841.053,-246.6313,46.4263279937696,7,7,6605.42618937115,5.92049211861529,15.4389166196589,638.401639471451,4,-1.49586890955775,7.41636102817304
kickEvent205,3052.800353024,3052.800353024,2,yellow,0,blue,1,-4386.5693,-413.27658,3407.99906932184,210060.515668154,-4033.6978,-2110.9346,2.1699576,793.577855015483,-5616.42,184.85126,451.904535335413,7,6,1665.51978531598,165.632721074656,304.068626887955,1367.5853382051,1,124.329412202337,41.3033088723182
kickEvent206,3153.929891584,3153.929891584,1,blue,6,yellow,0,-1953.2484,1823.2098,119.646296109164,12404.7709140116,-2097.0232,1728.7545,0.099014975,659.526224092519,5852.125,36.460686,49.7788575360501,7,5,8159.54987036164,-12.911449493602,12.2800796145203,1319.06340053179,4,5.67314017609336,-18.5845896696954
kickEvent207,3620.999922432,3620.999922432,1,blue,6,yellow,0,2496.5159,1201.1544,2175.4962806575,108976.917397105,2445.6174,1318.8811,-0.35507855,343.801865184665,5804.663,855.1084,490.452394417914,7,5,3703.67017046499,-18.9240568905174,26.0395139323481,210.384333540024,5,-20.344502310625,1.42044542010753
kickEvent208,3624.72194944,3624.72194944,1,blue,6,yellow,0,-41.6947685,-781.36542,1442.03070698641,348199.093083678,-174.649675,-801.729775,0.211672135,991.968724582815,5610.2646,735.616,1057.30708247578,7,5,6092.01178555098,7.36909374655861,16.6764625607938,787.444520226212,3,12.1279199760234,-4.75882622946478
kickEvent209,3628.265563136,3628.265563136,6,blue,6,yellow,0,-1275.41,-387.9033,2699.72628192716,147113.79989086,-2934.573,-540.011,0.33454096,905.749311850048,5824.7188,531.2681,151.724630690404,7,5,7285.74358856053,3.05195141855078,14.06483987654,3351.99144145557,4,19.1677850822549,-16.1158336637041
kickEvent210,3691.240729856,3691.240729856,7,blue,6,yellow,0,751.0202625,4246.565225,708.746847772194,99845.9675686603,590.8499,4353.927725,-0.77276145,889.694660563172,5546.3833,515.16986,1346.898475329,7,5,6751.67419940157,-38.9737865401224,11.9153990695329,840.979810207164,5,-44.2759696554098,5.30218311528737
kickEvent211,30.25670144,30.25670144,6,blue,12,yellow,0,5105.8735,-2435.2327,2456.41827760548,138635.07895862,3834.2478,-2775.9224,0.9465548,1375.42163455143,5794.1816,-789.0392,495.774702744529,11,9,2594.18975812325,69.8386504841019,15.2094461164152,1059.2379642697,1,54.2335951178497,15.6050553662521
kickEvent212,42.985628928,42.985628928,12,yellow,0,blue,0,5415.168,-1092.471,302.493922511871,21122.1047397751,5562.968,-1109.7837,3.0683951,340.961502712834,-5710.107,-41.66858,3.85757009326221,11,9,11467.325466475,174.533245734413,8.9350279177897,1019.03044606167,5,175.806089108622,-1.2728433742095
kickEvent213,537.443000832,537.443000832,4,blue,12,yellow,0,4421.65,-118.176125,5148.00614572065,352686.270381428,4070.7366,-2506.6667,0.95955217,1232.46627324455,5975.984,-96.50287,1351.03967451286,11,9,1582.76792961571,4.2819291463673,59.1767853710068,491.638531315455,1,54.9782895636197,-50.6963604172524
kickEvent214,551.509054208,551.509054208,8,blue,12,yellow,0,721.1282375,-125.02121625,8584.33056435172,4751651.23960436,2301.1711,-1906.1682,2.2984705,171.011477614018,5856.093,-61.226818,71.20737235669,11,9,5280.35201378019,1.35670073772883,19.3404250560287,727.973716015463,2,131.692658985324,-130.335958247595
kickEvent215,556.821919744,556.821919744,6,blue,12,yellow,1,4295.134,-309.07614,5030.40648676581,316094.520648788,3534.68,-2355.498,0.7572677,929.819231620537,5406.9644,1308.2866,295.341319706454,11,9,1732.65580490567,10.2755815418419,54.4607698538498,317.902067746573,0,43.388243171579,-33.112661629737
kickEvent216,665.352270848,665.352270848,4,blue,12,yellow,0,5093.6494,-4375.633,229.870847071832,25310.6488178495,2603.1897,2155.001,-0.5517521,988.848017894927,5814.262,-840.1106,156.8098095917,11,8,4468.5160356442,78.2974817335744,4.86746588965794,860.345701290504,4,-31.6130666674801,109.910548401055
kickEvent217,686.524385536,686.524385536,6,blue,12,yellow,0,3474.6963,-1495.9573,4440.08692429904,291929.844688522,2322.825,160.46027,-0.12807813,991.244567481051,5854.7944,-759.3556,180.104800376959,11,8,2935.14003424998,30.6419527256891,30.2159038055292,615.07664403918,1,-7.3383362969279,37.980289022617
kickEvent218,706.381014528,706.381014528,6,blue,12,yellow,0,3181.4358,-1062.7838,110.82005266043,12252.1205546139,3065.9736,-1099.6324,0.12386298,300.922695395118,5832.922,-324.17477,65.1600511667066,11,8,3012.27713782515,20.6597372755285,31.5470752220703,922.403459530937,3,7.09682599191333,13.5629112836152
kickEvent219,708.66840448,708.66840448,3,yellow,0,blue,0,432.76792,113.9438875,7095.92384143604,2444028.92793744,2519.132,553.68176,2.9764009,2996.9983374159,-5740.6567,10.374194,33.5127784759027,11,8,6433.77698728202,-178.985223579022,344.075881333106,1527.24234544808,11,170.53520970894,10.4795667120387
kickEvent220,715.917170944,715.917170944,2,blue,12,yellow,0,2989.86,196.31587,5227.1608277242,349172.500112029,3136.51,-103.47304,2.0369658,128.414059358567,5854.969,-12.640423,37.5468888927819,11,8,3016.53488963974,-3.73144233132463,33.1698224823981,1068.1310503145,2,116.709543352489,-120.440985683814
kickEvent221,748.939754496,748.939754496,7,blue,12,yellow,1,4220.382,366.97025,5004.25302460671,180156.446661326,3665.6694,-1795.6875,0.5526794,1579.15682791569,5685.4214,123.257,1641.49639985672,11,8,1817.06009540385,-11.6514947024306,52.1223173304541,226.239759387577,1,31.6661970438226,-43.3176917462533
kickEvent222,808.353823232,808.353823232,8,blue,12,yellow,0,1563.0487,1079.1038,2952.98167799433,192061.348446951,1171.2424,829.2287,0.5981673,337.299664143816,5758.186,-208.64865,919.273502116286,11,9,4566.28972468306,-13.669421944021,21.7277088835712,1882.95061030323,3,34.2724617327358,-47.9418836767568
kickEvent223,905.886997504,905.886997504,8,blue,12,yellow,0,543.5225,-1560.1893,14456.7910503588,5149315.59867926,-2663.1882,-956.3673,0.07072536,2038.12232990732,5845.4023,-505.8611,1020.37462885749,11,8,5675.15086670308,15.9570033807096,17.3706341935173,2697.86171926506,4,4.05226463254337,11.9047387481662
kickEvent224,946.516307712,946.516307712,8,yellow,0,blue,0,-2908.819,1324.6526,5786.76299955768,149974.524891513,-2138.3118,-1213.6494,2.027412,1651.00980417977,-5649.3213,326.12692,854.792120518947,11,8,3363.04987852511,-156.803590160865,27.9196295326563,876.762953732935,1,116.162150934177,87.0342589049579
kickEvent225,1102.800402944,1102.800402944,4,blue,12,yellow,1,4932.6074,1929.1274,3403.06359878492,175935.389832855,5012.6377,2011.545,-2.2351475,325.447742783666,5914.256,838.92303,111.829544676725,10,7,2204.73569571627,-61.0440988486122,25.3748010242851,1319.04665233619,1,-128.064518339217,67.0204194906049
kickEvent226,1401.69169792,1401.69169792,10,blue,12,yellow,0,205.62898,-707.5307875,1989.27906253191,420505.511210152,52.15371,-734.130485,0.21077648,2793.12776691939,5862.757,-131.48575,57.735231617621,10,7,5837.40827188541,6.96172796110156,17.408066747278,673.558309674743,2,12.0766027246236,-5.11487476352205
kickEvent227,1414.436593152,1414.436593152,7,blue,12,yellow,0,-1130.8756,929.7527,3257.54770385384,207106.191098956,-1036.6556,912.2403,2.81167115,633.230747451577,5851.489,-5.940835,70.583640784174,10,7,7191.23264161525,-7.42855186241926,14.1523107735813,523.351471000111,3,161.096890273695,-168.525442136114
kickEvent228,1419.290210304,1419.290210304,4,blue,12,yellow,0,3222.9004,-72.00043,4856.06820099634,230206.689034011,1924.8834,-1973.0414,0.46007982,1065.94075637391,5851.082,-5.458729,50.8525093486927,10,7,2778.03280222541,1.48514544159182,35.8924208264024,172.807924998183,4,26.3606319251386,-24.8754864835468
kickEvent229,1500.36336256,1500.36336256,15,blue,12,yellow,0,2466.978,-2160.2915,3211.51156020473,37704.4126075461,2588.5557,-1309.0399,-1.6995889,547.799051543166,5802.513,-167.49005,985.850637891617,10,7,4141.14764497189,31.4439981721139,21.2667805559734,1245.87052056761,3,-97.3792708772821,128.823269049396
kickEvent230,1522.320183808,1522.320183808,7,blue,12,yellow,0,3080.1482,-397.31552,115.271760543714,13107.5215742824,2881.4036,-343.94513,-0.24204895,120.328958614972,5836.2314,-480.45374,431.513582522663,10,7,2946.75994210525,7.7488658085045,33.724331541447,1063.00246526482,2,-13.8683832705731,21.6172490790776
kickEvent231,1713.1940096,1713.1940096,8,blue,12,yellow,0,3120.5708,-12.950902,2350.36032929612,127251.293002296,3171.405,-95.85859,1.8091651,796.550080390616,5747.1685,-680.84,42.9944501990694,9,8,2879.45832469846,0.257699346064396,34.7139150016467,890.725830836088,2,103.657524672364,-103.399825326299
kickEvent232,1715.293828608,1715.293828608,2,blue,12,yellow,1,5692.928,1765.9357,1769.30000385472,46812.4048485845,5027.285,2421.8315,-1.1200826,1151.57178562802,5889.8735,969.2461,542.584293891508,9,8,1792.43468771347,-80.1356811519625,12.9545879313707,565.132202099872,1,-64.17600568604,-15.9596754659226
kickEvent233,1740.194228224,1740.194228224,10,blue,12,yellow,0,4319.285,2701.9238,982.665306407527,36508.3033034153,4293.4375,2794.8667,-1.06916,1194.69585943839,5897.3994,809.61725,201.253051777037,9,8,3182.01117726375,-58.1165776069132,17.9921920759207,483.977775655411,3,-61.2583556242071,3.1417780172939
kickEvent234,1767.637453568,1767.637453568,6,blue,12,yellow,1,3936.686,-2391.7812,4985.70643052112,220950.722293209,2178.5017,-310.04315,0.029182546,1886.0721713843,5710.9814,-710.5442,282.85467421086,9,8,3158.77855685856,49.216698747228,22.0531712912568,790.769992493449,2,1.67203672124638,47.5446620259816
kickEvent235,1956.12013184,1956.12013184,15,blue,12,yellow,0,5583.945,3189.7585,7874.18302136036,877075.925027361,2176.3623,2691.932,-0.14591132,1456.96450151882,5779.8965,860.28564,554.286978335164,10,8,3216.77805441209,-82.5686000918839,4.48966397825319,1258.34259088897,2,-8.3601028191828,-74.2084972727011
kickEvent236,2084.715171072,2084.715171072,15,blue,12,yellow,0,3158.4297,-826.69165,1244.63626493505,85397.5915206119,3221.5276,-879.0641,2.2842033,1410.54701524357,5849.891,-189.33263,171.574456243826,11,8,2959.38183646886,16.2211792908173,32.7629459327756,117.272665216675,2,130.875208639855,-114.654029349038
kickEvent237,2210.573990144,2210.573990144,7,blue,12,yellow,0,3094.7168,-2407.495,5569.3897372801,381119.466211223,3388.0942,-2699.704,2.3435822,165.840069444053,5743.8486,-434.09326,1140.01548792479,11,8,3773.15552915954,39.6472191769719,21.2802062070256,1076.1935565296,1,134.277369001984,-94.6301498250125
kickEvent238,2247.018002944,2247.018002944,3,blue,12,yellow,0,5701.7163,-4118.4517,490.922860092839,99259.1988620591,1806.6736,155.76591,-0.06056394,3541.42465786601,5903.219,-874.9364,34.6907294340613,11,8,4129.23934531756,85.857518989573,1.89349417701333,1044.03736119494,2,-3.47005815268355,89.3275771422565
kickEvent239,2249.37490816,2249.37490816,6,blue,12,yellow,1,3745.6443,210.80557,2411.48896546994,124423.62444799,2815.1213,1300.8512,-0.3645601,999.212752908372,5862.655,65.84025,369.67670664244,11,8,2264.19049783041,-5.34221291969663,43.2304692586735,683.871131414567,1,-20.8877551088672,15.5455421891706
kickEvent240,2302.475769088,2302.475769088,8,blue,12,yellow,0,3323.887,-2923.36,3548.36571312163,104650.682040364,3140.1206,-2818.2568,-0.45540738,712.790807818526,5927.5,-768.8543,284.962943602184,11,8,3963.28329524512,47.5282760955558,17.9181254455769,1027.00449024919,3,-26.0929208331105,73.6211969286663
kickEvent241,2317.5762944,2317.5762944,4,blue,12,yellow,0,1855.4318,-748.03955,5213.36132802216,268127.008480184,1150.2957,-180.01369,-0.008862659,359.161300602121,5817.201,-257.1,480.615035701189,11,8,4211.53282461569,10.2309836450806,23.7844764358213,2191.45389215193,4,-0.507792955963635,10.7387766010442
kickEvent242,2322.632810496,2322.632810496,4,blue,12,yellow,1,3024.155,362.59323,3261.32798852724,180846.083565046,3098.351,411.14212,-2.6498318,211.368156350879,5819.1436,868.89557,395.621307562687,11,8,2997.85378470446,-6.94698713047606,33.2272631381843,1290.35243904561,1,-151.824178559554,144.877191429078
kickEvent243,111.441623296,111.441623296,5,blue,0,yellow,0,-37.384309,10.28365525,156.534555905874,26078.7463270944,-200.042245,-11.68816075,0.087344335,1525.30308189159,5594.1836,-31.27137,57.3810589876954,11,9,6037.39306722071,-0.0975935013916464,16.9573767337066,839.466572475759,7,5.0044617598768,-5.10205526126845
kickEvent244,260.660928768,260.660928768,9,yellow,10,blue,0,-445.855375,-3185.8487,1507.72129750968,95760.5947187295,-419.274,-3276.7559,1.912932,2771.65584236262,-5821.6323,-192.46553,50.8606537984175,11,10,6402.98012293558,150.161484844601,13.9696988326253,1790.34254114421,5,109.60293009552,40.5585547490819
kickEvent245,286.933227264,286.933227264,3,yellow,10,blue,0,-2870.6794,-2433.321,3663.02140885853,242606.342559182,-1645.2123,-1795.7476,-2.7596405,1954.09400948024,-5840.0483,-404.44907,407.921541254254,10,10,3964.05076993539,142.131805061829,20.7038305803749,486.922367482589,3,-158.115753623372,-59.7524413147983
kickEvent246,417.892078848,417.892078848,7,yellow,10,blue,0,-1976.0055,3644.2583,359.828231521206,21505.6892788381,-1818.3275,3626.5864,-2.3716867,1170.32129303027,-5829.406,294.8806,15.7281642526856,10,10,5428.91796706758,-137.835003390048,14.1817719893324,111.925470519002,3,-135.88763823731,-1.94736515273852
kickEvent247,622.087686912,622.087686912,12,blue,0,yellow,0,4607.2114,-587.10284,3325.4156816678,58150.8859719985,4262.4697,-2285.0151,1.1248422,492.630294641201,5777.117,293.58087,1400.06303810956,10,9,1511.47273512493,22.8569057429852,59.5372993593163,847.262139531079,1,64.4487106782104,-41.5918049352252
kickEvent248,663.838061824,663.838061824,1,blue,0,yellow,0,405.6257,633.391025,1433.45256352062,53671.2524800041,284.673265,645.42645,0.18157819,1844.68696093659,5596.726,72.275505,414.52860120687,10,9,5630.11616212766,-6.4594800595442,18.0565015252156,1027.97232649118,3,10.4036639386246,-16.8631439981688
kickEvent249,734.317810944,734.317810944,1,blue,0,yellow,0,403.60117,-1076.016,593.476098631931,37948.8198637508,323.0311875,-1029.80565,-0.303830305,670.615788890736,5586.0522,-133.41385,65.633576713662,11,9,5698.90255195519,10.8834088760335,17.6460138563405,828.079528028648,3,-17.4081941646726,28.291603040706
kickEvent250,987.620711936,987.620711936,3,blue,0,yellow,1,4157.1025,-1862.6182,437.586066788458,29409.1691203768,4236.2827,-1894.3539,2.4817288,183.06679784917,5602.515,155.29416,79.0699096623946,10,10,2620.23238558672,45.3049244161936,28.7135501121942,162.529431100493,1,142.192586136066,-96.8876617198727
kickEvent251,1473.350224384,1473.350224384,5,blue,0,yellow,0,-2551.0896,1905.3959,804.620948594276,69726.3594544278,-2633.68,1879.334,0.26051325,675.949176311735,-5624.9585,318.23373,113.367259219574,9,10,3940.24320099216,-151.08096730425,22.8734344932874,543.745088089861,5,14.9263097322365,-166.007277036486
kickEvent252,1480.935856384,1480.935856384,5,blue,0,yellow,1,-3276.2937,1523.4395,1401.73782666802,28252.3615547246,-3289.7107,1644.9368,-2.3412578,1488.09290188062,-5601.5415,202.59258,620.423667074315,9,10,3120.80821564221,-150.780584223937,28.7687909123001,376.178386151371,5,-134.144190692084,-16.6363935318525
kickEvent253,1864.697726208,1864.697726208,3,blue,0,yellow,0,-2565.0942,-3117.0864,1556.97626733674,97684.9470353505,-2402.6948,-2952.8796,-2.4476988,2309.241187166,-5634.186,-359.68292,294.868241644659,10,10,4638.40548895184,137.777086360495,16.6265790986349,738.604025123571,4,-140.242810759236,-81.9801028802686
kickEvent254,2413.377273856,2413.377273856,8,blue,3,yellow,0,-4654.3794,-1929.5801,1042.21264954829,29468.4121577121,-4545.951,-1961.5878,2.7129316,1111.99140174575,-4687.5464,-1598.8488,783.611950123526,8,9,2352.44004417974,124.890549124259,27.1455159333694,332.390196438899,0,155.439530787674,-30.5489816634145
kickEvent255,2465.235423744,2465.235423744,1,blue,3,yellow,1,-3248.983,-185.26418,2481.93648279796,115888.724689716,-3171.3638,-99.89101,-2.216962,538.697049610432,-5608.29,-217.10007,299.672042231969,8,9,2757.2481481869,176.147296688802,323.907078837989,1905.5820738423,5,-127.022565940882,-56.8301373703157
kickEvent256,2520.770461696,2520.770461696,1,yellow,10,blue,0,1.10914125,-0.197556925,155.107473943956,63850.0250101531,-165.655835,-12.0433605,0.01792583825,3853.64730303072,5821.921,-12.24676,48.9308675135245,8,9,5998.890862003,0.00188687847112277,17.0646393000364,698.874785769955,6,1.02707487595918,-1.02518799748805
kickEvent257,2528.893216,2528.893216,3,blue,3,yellow,1,-562.6498,-407.78305,1183.22276610298,306015.755988872,-487.525265,-338.9734,-2.47133445,1457.79465226255,-5611.572,7.2314067,190.114741880201,8,9,5452.61994029543,175.711037537171,341.303572420693,302.269932291766,9,-141.597033750285,-42.6919287125442
kickEvent258,65.480706304,65.480706304,1,yellow,3,blue,0,-3543.8872,-181.02797,3467.31537778995,95712.9051180927,-3367.9358,-703.1665,1.9076703,231.499219464747,-4643.546,1155.6012,848.456957522696,11,10,2462.77510387087,175.784632676951,319.927682782103,1495.98924885711,8,109.301456892456,66.4831757844949
kickEvent259,539.387947776,539.387947776,7,blue,12,yellow,0,-4856.2417,3838.621,447.095452568152,34677.5820999051,-4964.447,3914.893,-0.26599702,361.675387246741,5850.1475,-323.08,90.6418696885336,10,10,11514.903170694,-19.472909183293,8.43455371596278,636.021961073499,5,-15.2405066090569,-4.23240257423608
kickEvent260,545.003681152,545.003681152,7,blue,12,yellow,0,194.3119025,-100.1074525,2900.4798178376,1215426.26135286,136.6338675,-284.3880075,-0.182928875,3249.21410909658,5848.707,-444.81186,102.891042347463,10,10,5806.55110952269,0.987852960734722,17.6187117905566,143.023835090717,6,-10.4810524885762,11.4689054493109
kickEvent261,1355.742777344,1355.742777344,9,blue,12,yellow,0,-3803.0032,473.78625,440.521360477755,20492.7818932965,-3881.0977,465.86465,0.004670592,342.462470817717,5729.1274,-60.709423,1359.83623443282,8,8,9814.44573829308,-2.76699345745384,10.466970385051,371.92324838101,5,0.267605209427566,-3.0345986668814
kickEvent262,2494.045304576,2494.045304576,3,yellow,3,blue,0,-4882.4316,2730.297,358.80358416452,32725.3253621814,-4916.214,2898.596,-1.353876,156.017486612206,-5875.154,507.39658,62.3020827769507,9,8,2950.16623885631,-112.26032501497,14.2972742277046,880.918100895424,1,-77.5713807840538,-34.6889442309166
kickEvent263,2495.08769664,2495.08769664,6,yellow,3,blue,1,-5560.8228,914.0217,6835.70422280748,225089.862691457,-5144.2983,-2382.0283,1.9420003,1329.04454396502,-5886.1826,445.485,826.714046714806,9,8,1014.05733618506,-115.663763849993,74.5618041365601,570.425839792457,1,111.26842100314,133.067815146867
kickEvent264,2627.161443584,2627.161443584,7,blue,12,yellow,0,-845.0463375,1683.686675,8606.53879181777,13383934.4206607,-929.879325,1703.524925,-0.15738185,8553.84202664202,5797.062,21.590881,519.180102178102,9,8,7049.07512955386,-13.8188026064569,14.1478563939235,444.51792501112,5,-9.017315776961,-4.80148682949591
kickEvent265,2834.850296576,2834.850296576,5,blue,12,yellow,0,91.72269,1826.6378,653.69915147385,51922.0069032938,9.3282905,1848.789475,-0.33783697,458.679451302545,5746.4365,383.7051,1130.9792667428,9,8,6184.2013570266,-17.1798248642149,15.8595668817463,1089.46504593655,4,-19.3566325444878,2.17680768027291
kickEvent266,3289.985614848,3289.985614848,2,blue,12,yellow,0,-2933.984,-1146.4347,162.988293370381,23609.3659218668,-3107.2607,-1141.1101,0.1095219,511.157424179014,5746.8833,-258.63287,1061.77874594618,8,8,9007.24056710045,7.31239792038543,11.3216573038476,161.434717205005,5,6.27514263425385,1.03725528613158
kickEvent267,3308.371190784,3308.371190784,6,blue,12,yellow,0,-3674.0464,-920.59033,118.390504030336,17818.5727782197,-3832.1726,-884.244,0.043273155,561.947725470626,5361.426,266.4903,183.394609634528,9,8,9717.74975521815,5.43594508479783,10.5360736334676,1345.55384689913,2,2.47936914771544,2.95657593708239
kickEvent268,3789.94874624,3789.94874624,4,blue,12,yellow,0,-537.9680925,2237.90555,3793.23491124312,5517768.76175941,-758.0095125,2115.2721,-0.30452782,10183.8705234343,5847.278,31.12834,19.5235515357992,8,8,6910.37249569579,-18.8957542924535,14.0736064230281,499.229408603753,5,-17.4481588303196,-1.44759546213386
kickEvent269,3847.163576832,3847.163576832,13,yellow,3,blue,0,4042.8328,3799.0361,208.732361356917,25254.6595210427,4249.839,3744.3208,2.2395892,594.013698868181,-5696.189,130.89757,30.3198611531493,8,8,10737.3723944855,-159.279205786318,8.97317619077806,222.395592902782,4,128.31900900308,72.4017852106017
kickEvent270,3852.848056832,3852.848056832,5,blue,12,yellow,0,-3448.758,1615.7576,679.550731203769,40372.2091088818,-3520.1082,1626.3718,-0.12988319,535.142001079179,5694.6704,52.256668,1258.39659892057,8,8,9585.91155626432,-9.70384026591089,10.5773046579905,522.967914201187,3,-7.44175861669578,-2.26208164921512
kickEvent271,3904.550180864,3904.550180864,2,blue,12,yellow,0,422.418395,-1998.4521,6282.08598559021,6246191.47864227,294.2254125,-1976.9943,0.24251044,8277.69674293896,5856.009,-5.925678,283.866605960267,8,8,5924.79766375433,19.712643940914,16.3178608527217,928.799656480305,4,13.8948246998606,5.81781924105342
kickEvent272,4068.309251584,4068.309251584,5,blue,12,yellow,0,2040.6523,452.56717,452.227977514861,16150.0760934783,1947.2594,450.16348,0.033777364,483.289501154505,5648.034,-198.45331,1442.64906357969,8,8,3985.12876239364,-6.52080580311474,25.3083209932905,1901.62790597026,6,1.93530040027712,-8.45610620339186
kickEvent273,4077.466632192,4077.466632192,5,blue,12,yellow,0,2023.2153,-1581.6017,1430.35953035182,79340.329292954,1949.2427,-1632.4626,0.47259507,1463.38140209644,5756.4365,-388.9298,588.330615002288,8,8,4279.75238624818,21.6881440068134,22.2393566937893,889.825413012514,5,27.0777029296897,-5.38955892287629
kickEvent274,4529.14573056,4529.14573056,4,blue,12,yellow,0,-3669.753,278.86417,293.518575619576,24870.7392480704,-3861.697,284.71036,0.008263214,640.130587629204,5740.475,27.219568,1283.02229816396,9,8,9673.77321970692,-1.65188425888304,10.6261143895707,912.616137352832,5,0.473447287413415,-2.12533154629646
kickEvent275,4540.902092672,4540.902092672,7,blue,12,yellow,0,694.934755,2474.275375,2282.13848632441,1454357.73572177,587.7942625,2533.274225,-0.39132582,4569.08977949619,5792.1743,-8.993665,1022.83456794597,9,8,5853.69591668702,-25.0042830905466,15.9300839832272,446.064711964003,3,-22.4213179004961,-2.58296519005043
kickEvent276,4804.878127104,4804.878127104,7,blue,12,yellow,0,-3991.0227,-3700.813,1175.16546266019,98670.721848119,-4062.8066,-3725.246,0.28538546,1053.45911930591,5877.501,-828.5656,292.667448329261,9,8,10654.414646187,20.3253265647759,9.06588448396069,395.915281392282,4,16.3513823923996,3.97394417237634
kickEvent277,5006.523632384,5006.523632384,1,blue,12,yellow,0,-4610.351,4302.5093,271.084389009903,20728.5846537957,-4821.8164,4289.2295,-0.4661723,745.871465067593,5851.456,39.276115,23.7169722973958,8,8,11449.5036844305,-22.0726097498273,8.33990146499292,1730.43602896035,2,-26.7097053159065,4.63709556607912
kickEvent278,5039.851231744,5039.851231744,1,blue,12,yellow,1,1958.5906,1806.5641,95.6853141738907,11010.0654232437,1432.1919,1714.5024,0.02093294,1436.84377241365,5849.7036,135.77779,62.09802844279,7,8,4426.81192121567,-24.0852825381649,21.1673068951081,727.88992762711,6,1.19936911480058,-25.2846516529654
kickEvent279,5044.180376576,5044.180376576,13,yellow,12,blue,0,1858.9844,-1286.3865,1174.45936715625,22395.2275773192,1400.6702,-1386.2582,0.27130342,376.589634319311,NaN,NaN,NaN,7,8,4336.21960085344,17.2571546827841,22.5026258901343,542.695599932427,0,15.5445409334652,1.71261374931897
kickEvent280,5758.746107648,5758.746107648,1,blue,12,yellow,1,2702.9688,-82.058556,1378.12940493475,17123.5834941812,2381.3289,-225.7351,0.102250785,2178.70369457608,5925.4795,-183.92873,105.490849737884,2,2,3298.05220401167,1.42571853698434,30.5196546323993,3224.12046052335,1,5.85853843239958,-4.43281989541524
kickEvent281,5812.220519936,5812.220519936,13,yellow,3,blue,1,-2722.0684,-2130.344,2241.7334803187,32432.0043529383,-2655.5486,-2212.153,2.3849425,2172.38078370885,-5887.1016,582.1772,32.7865060585179,2,2,3909.37349617743,146.979960719372,22.1792041046407,4168.35776026383,0,136.647139631379,10.3328210879928
kickEvent282,6023.249661184,6023.249661184,11,blue,12,yellow,1,2398.3157,91.31008,1357.94615599922,47631.4261229676,2008.4211,148.78345,0.12207624,2274.68690687046,5924.517,-228.59981,36.3518119889013,2,2,3602.84156293003,-1.45225437893803,28.0435819524918,3540.68325974543,1,6.99445333082612,-8.44670770976415
kickEvent283,6282.12535296,6282.12535296,11,blue,12,yellow,1,2223.6965,95.48692,2135.27052248026,164439.848086764,1803.942,129.51355,0.12661313,3292.70869998296,5924.674,-65.239876,100.326211577169,2,2,3777.510539496,-1.44846195755312,26.7946420151433,3704.46589381771,1,7.25439797994123,-8.70285993749435
kickEvent284,6340.791801088,6340.791801088,13,yellow,3,blue,0,198.86686,-516.23722,7536.30735659492,4459308.66404911,330.539415,-481.15695,2.7541202,7323.75621141019,-5894.108,480.03476,282.870015050939,2,2,6220.32565187061,175.239433523177,343.588101936366,4074.079038678,2,157.799463731726,17.4399697914507
kickEvent285,6376.639758336,6376.639758336,11,blue,12,yellow,1,2512.603,190.60562,2298.31422966521,161540.838333571,2115.3787,296.91324,-0.12647033,3269.36355214034,5903.3975,455.7892,337.523665516198,2,2,3492.60194382134,-3.12842002691293,28.863943979985,3401.14828731884,1,-7.24621614262676,4.11779611571383
kickEvent286,151.647293952,151.647293952,7,yellow,10,blue,0,-2070.2004,802.1025,5081.19786008291,289932.968962215,-2128.908,937.12885,-1.1685565,231.296499234688,-5816.3164,8.936884,503.071470705519,11,11,4010.82202505501,-168.46394353269,335.154225694153,1290.98100446898,9,-66.9533555725792,-101.510587960111
kickEvent287,242.177539328,242.177539328,11,yellow,10,blue,0,-2953.0708,171.71143,3069.4474814464,38775.1524560666,-2929.5137,-484.77808,1.5829273,190.679656422012,-5823.956,131.98386,490.176945568703,11,11,3051.76381212657,-176.774475535602,327.17861045244,728.861950093948,9,90.6950535660387,92.530470898359
kickEvent288,268.00565504,268.00565504,11,yellow,10,blue,0,-3812.5344,-1223.0583,5525.25657803717,399188.384742778,-3729.407,-2335.605,1.6117285,973.661577372773,-5834.0713,-49.211624,977.690248081591,11,11,2506.16786277022,150.789520790199,35.7428940757354,722.65392069519,1,92.3452407709509,58.4442800192478
kickEvent289,464.298938624,464.298938624,5,blue,0,yellow,0,1410.8757,796.2064,4477.33189188717,789871.433039897,247.496985,-310.615625,0.35862177,2586.36779773715,5715.3994,70.24312,171.298581033008,9,11,4657.68252162505,-9.84275367144474,21.5806930346266,347.373509931097,1,20.5475138625113,-30.3902675339561
kickEvent290,537.195252992,537.195252992,10,yellow,10,blue,1,-3746.075,1313.621,952.809574385205,26141.4044798808,-3642.0156,1339.4679,-2.699626,1063.7131350716,-5830.835,365.04407,61.2809485391672,10,11,2608.78861490654,-149.765731832842,34.0843898413401,145.953129672371,2,-154.677176063784,4.91144423094268
kickEvent291,1014.530873344,1014.530873344,2,blue,0,yellow,0,-702.39404,-1654.7726,473.638745971721,59453.8353977598,-588.966265,-1628.8366,-2.65784805,2742.04977304221,-5671.174,-159.55049,37.880269381342,11,10,5550.03614989473,162.653161203463,17.6371041934787,279.122802748954,3,-152.283475852076,-45.0633629444615
kickEvent292,1071.029212928,1071.029212928,9,yellow,10,blue,1,4355.6157,-1250.1533,1410.65442844618,27886.5006042819,4548.7134,-2222.0852,1.9808736,1474.27502049338,5828.781,-338.78906,434.466708380963,11,10,2065.64348317598,37.2441362779969,40.5711759726668,305.295106460045,1,113.495697028886,-76.2515607508887
kickEvent293,1196.829471488,1196.829471488,6,yellow,10,blue,0,4218.3022,-2516.78,4831.02427455278,54003.5899110079,2045.9669,-1425.9501,0.22629645,1604.40729668544,5895.125,-716.39404,624.780379474961,11,10,3083.60643061413,54.7042728922797,20.2381864230049,592.38290747931,2,12.9658315037933,41.7384413884864
kickEvent294,1554.277142784,1554.277142784,3,yellow,10,blue,0,3525.8474,1612.1935,615.04103180385,40720.7544963874,3467.4026,1697.5271,-0.7450646,563.097323138415,5836.5425,345.40918,24.0373003420922,10,10,2953.06602864362,-33.0888453849608,29.3784521691733,132.877906714698,4,-42.6890570446029,9.60021165964207
kickEvent295,1657.915255296,1657.915255296,4,yellow,10,blue,0,2116.5732,225.79387,3812.93256073711,285509.249014916,2047.123,-249.16666,1.4112163,217.099810616907,5826.108,84.38268,309.300415108421,10,10,3889.98542191199,-3.3275989563318,26.015732226048,997.491031124463,2,80.8567379700678,-84.1843369263996
kickEvent296,1747.222622976,1747.222622976,4,yellow,10,blue,0,3645.7588,-2663.843,4734.28912430992,318993.719796789,3998.7244,-3186.7322,1.8509609,241.231526963655,5827.7686,-361.11,592.851276894702,11,10,3555.06837577373,48.5305146509763,19.7103637368821,1197.24301728264,2,106.052247613736,-57.5217329627601
kickEvent297,1838.9670272,1838.9670272,11,yellow,10,blue,0,3756.1902,2470.4124,4158.71025713305,153846.876728604,2722.675,-128.83714,1.1130143,1344.72439421725,5864.437,566.96985,147.664149713168,11,11,3337.30727453284,-47.7519676522783,21.3591472383384,864.599740217894,1,63.7710219277077,-111.522989579986
kickEvent298,1917.76762368,1917.76762368,10,yellow,10,blue,0,3993.2551,-1819.9204,4285.43044480838,176458.409112395,2649.9248,-74.25552,-0.3905603,792.92089154083,5880.3003,-563.3719,720.096110397722,11,11,2709.0838591694,42.2049390509818,28.9528678664393,1075.51948826573,1,-22.3774568353633,64.5823958863451
kickEvent299,1920.653379584,1920.653379584,5,yellow,10,blue,1,4913.6567,1519.9082,1366.6100104703,49100.8784187491,3823.4895,2206.3809,-1.1765082,3019.57788057511,5872.644,629.09576,33.777236553805,11,11,1868.22447845063,-54.4449880956443,36.1130711491943,591.633022797071,1,-67.4089544225334,12.9639663268891
kickEvent300,31.503419904,31.503419904,7,yellow,3,blue,0,2393.821,895.80585,341.954979682741,18230.3719934174,2522.0076,968.2777,-2.9114382,405.470892502839,-4043.2842,-162.4248,56.3249079832014,10,10,8441.48678260739,-173.908333888652,347.895346102309,229.026982584765,10,-166.813121173165,-7.09521271548676
kickEvent301,36.25828992,36.25828992,1,yellow,3,blue,1,-3871.9817,-2386.5002,910.199749201518,22405.461035041,-3821.9158,-2875.4036,1.9447265,593.731884482247,-4200.3022,-1932.666,640.611387953174,10,10,3197.47479892101,131.7230679552,22.1410910458495,319.303050146315,1,111.424620757248,20.2984471979514
kickEvent302,97.217442944,97.217442944,8,blue,0,yellow,0,-1.34450515,5.813482125,226.167003741744,86607.87307713,-100.359445,-4138.9579,0.59617075,136.815131214162,5603.064,-3.100569,27.4630937223789,10,10,6001.34732089958,-0.0555022104737575,17.0577496542436,704.142681970837,6,34.1580678441489,-34.2135700546227
kickEvent303,105.033681664,105.033681664,9,blue,0,yellow,0,2579.8298,1064.2676,2457.72820900944,21592.919200138,1650.8108,-137.8939,0.19576745,191.844526224159,5651.7656,318.16156,628.803653081246,10,10,3581.93100455296,-17.2847768499827,27.1198055649147,1146.49701470146,1,11.2166486510384,-28.501425501021
kickEvent304,119.830310912,119.830310912,4,yellow,3,blue,0,-4856.4565,-4027.0723,923.897614776115,36059.925599789,-4890.277,-4122.7886,1.0938352,401.377392199042,-5874.6943,-522.8639,112.416005044557,10,10,4186.28750157219,105.852636942871,7.02037526352037,314.509934407881,4,62.6721404428483,43.180496500023
kickEvent305,216.488841728,216.488841728,5,yellow,3,blue,0,-3233.1028,976.1572,104.369545268453,12724.0064403578,-3041.4993,1054.7406,-2.6060576,361.419193330396,-5878.9688,124.77792,31.5086470699976,9,10,2934.04209146353,-160.567234410173,32.5634864110813,728.197088614708,4,-149.316101647992,-11.2511327621803
kickEvent306,253.360919296,253.360919296,2,blue,3,yellow,0,-4646.566,-853.3118,4543.34480997912,216106.630344265,4139.908,-2777.2158,2.7065332,1884.86709736024,-764.8408,-2929.8596,1210.99272910942,9,10,1599.97644369386,147.76942709672,305.689930216939,582.572762872801,0,155.072929472037,-7.30350237531706
kickEvent307,530.57872128,530.57872128,9,yellow,3,blue,0,-3030.083,758.50226,210.313885677847,19897.6614225914,-3025.4375,891.1001,-1.624739,477.272555410897,-5874.0615,63.723858,91.1561656836114,9,9,3065.24593879742,-165.673194541171,328.091811053234,384.670951232465,8,-93.0906875103059,-72.5825070308655
kickEvent308,647.42281728,647.42281728,1,yellow,3,blue,0,-5129.3906,-2482.4863,2627.32004508287,125418.881505188,-5303.482,-2676.6309,0.7197729,327.01820971145,-5763.7847,-770.1258,1434.54641133625,9,10,2630.72213604099,109.325798420314,14.383603132069,1512.8975846155,1,41.2399493778919,68.0858490424218
kickEvent309,679.995764224,679.995764224,3,yellow,3,blue,1,-3601.4968,-400.9592,1842.70104042743,19899.7059250539,-3025.0142,-1048.9952,2.717507,1679.0618067482,-5876.074,1141.9966,28.5130693941905,9,10,2431.78656145536,170.509587637399,319.770924550537,600.88001086604,3,155.701681897258,14.8079057401408
kickEvent310,794.498321152,794.498321152,2,blue,0,yellow,0,-513.5286,-2076.194,2366.35920190009,868165.673825242,-839.6934175,-1816.505175,0.381048585,5529.27224472769,5594.446,-153.5921,43.5263879694803,8,9,6836.41984876982,17.6797349468919,14.320848117157,475.108032023561,2,21.832475709932,-4.15274076304008
kickEvent311,881.912146944,881.912146944,4,blue,0,yellow,0,-3467.1458,-991.10754,467.478682519104,19028.9951077842,-3570.4585,-954.63586,0.09625461,342.199954442438,5609.371,-125.10424,1053.51731949608,9,8,9518.88353507398,5.9764767645695,10.7450499383329,210.301040154735,3,5.51498291167773,0.461493852891773
kickEvent312,1076.259632512,1076.259632512,7,yellow,3,blue,0,-805.8528675,-618.697385,1680.78629259356,525159.712753308,-519.937455,-653.9710375,2.90921735,2193.23542627992,-5695.91,257.22742,16.6776707702368,8,9,5230.86521411743,173.207256292695,340.601829776088,1015.06230505272,7,166.685875841234,6.52138045146092
kickEvent313,1156.888076032,1156.888076032,5,yellow,3,blue,0,-5452.7417,2846.3708,395.666165997403,25770.9820189502,-5570.9834,2978.5105,-1.3391286,637.209609421715,-5871.5737,1023.98975,1450.66079412997,9,9,2898.50278212934,-100.8831840642,7.39350406302126,1287.35926842606,1,-76.7264170052626,-24.1567670589374
kickEvent314,1526.892615936,1526.892615936,3,yellow,3,blue,0,-5691.7827,1741.4849,6477.28294882311,447052.724484156,-4548.5957,-3249.6833,1.777069,928.184619535051,-5855.0825,1092.8414,640.874410446899,8,9,1768.54956417605,-100.03657974337,13.4612968090883,668.883558455648,1,101.818553603534,158.144866653097
kickEvent315,1579.06478208,1579.06478208,3,yellow,3,blue,1,-3921.608,439.41965,2294.45320488052,136672.60253667,-3720.6648,1182.0294,-2.3722026,1819.45074421585,-5872.999,41.339607,359.250317617633,8,9,2124.33588080372,-168.062160919263,314.705186905368,460.132560532219,7,-135.917197129961,-32.1449637893019
kickEvent316,1907.77122048,1907.77122048,7,blue,0,yellow,0,1183.9464,-2686.2908,1508.43555675804,298946.25765618,1114.2424,-2730.9907,0.59472597,620.043105969126,5670.274,-469.6161,38.4321249096394,7,9,5514.57437525668,29.1518353834948,16.3233487214252,1033.16696656996,2,34.075288047824,-4.9234526643292
kickEvent317,1993.998636288,1993.998636288,5,yellow,3,blue,0,-2239.9175,-3024.1677,1141.32404793551,33918.6078960728,-2154.263,-3568.7253,1.8428093,1330.41134343115,-5871.668,-179.1234,35.5947394550811,7,9,4825.33011145658,141.190896526669,16.7600497167269,213.149738033172,3,105.585195337458,35.6057011892112
kickEvent318,2037.89910016,2037.89910016,1,yellow,3,blue,0,-4973.0444,4316.632,139.179538591821,17603.8662424539,-4867.609,4613.9243,-2.2097821,1203.44214494717,-5875.2593,629.4906,17.4808928496899,6,8,4437.110504348,-103.382273479758,5.59254743345558,87.4661709476875,2,-126.611187973556,23.2289144937979
kickEvent319,2061.227653888,2061.227653888,7,yellow,3,blue,0,-4384.122,-1232.1991,1856.35075186882,25702.8528522232,-4165.587,-2278.613,2.2159069,881.116010167869,-5870.964,-222.44672,487.865331720982,7,8,2032.08669424432,142.672413964689,41.2262377658754,375.947617561822,1,126.962113163918,15.7103008007716
kickEvent320,2064.414016768,2064.414016768,7,yellow,3,blue,0,-4856.7427,-2276.834,1193.91075577467,17519.2442696306,-4630.0107,-2836.8728,2.0315142,649.531709509076,-5873.228,-495.4954,33.0871724796794,7,8,2547.74612502095,116.662411939259,19.9121807075448,207.530016570061,1,116.397189680896,0.265222258363043
kickEvent321,2066.899644672,2066.899644672,5,yellow,3,blue,0,-3681.6428,2578.9294,4332.12155066546,292168.945762847,-3437.9602,4118.4766,-1.972776,3379.75103320101,-5874.2256,243.48418,43.186802385899,7,8,3467.80290053749,-131.954308865001,20.4088743348388,956.095395623784,3,-113.031738724701,-18.9225701403008
kickEvent322,2099.400142592,2099.400142592,1,yellow,3,blue,0,-5059.9507,-3696.5247,2250.34843744128,158301.05083862,-5210.9624,-4044.5378,1.407982,454.354880894501,-5881.564,-533.23755,266.930812813172,7,8,3814.18242145556,104.268223070511,7.02167620234084,2819.84730239378,1,80.6714262303887,23.5967968401222
kickEvent323,2155.429774336,2155.429774336,5,blue,0,yellow,0,-3468.9355,-4415.888,325.700555112391,24302.5498382683,-4909.4795,-1931.1477,-1.0069598,484.222054516758,5601.2485,-211.3177,27.7594477020098,7,8,10448.0048971899,25.002240827328,8.93963561492148,646.506609726459,3,-57.6945466793375,82.6967875066655
kickEvent324,2223.487763456,2223.487763456,3,yellow,3,blue,0,-4189.3145,918.4553,449.764621421014,19730.1355899991,-3992.4275,920.2582,-2.5798883,1886.04692084657,-5870.3813,172.29475,75.5509185013833,7,9,2030.30591734555,-153.103973421093,44.5387036010212,186.321882617716,1,-147.816711205181,-5.28726221591245
kickEvent325,2284.260870912,2284.260870912,3,yellow,3,blue,0,-1448.8207,-2050.4539,525.114034101064,18775.8820749236,-1262.387,-2013.7875,2.7447515,558.116341551851,-5992.213,993.359,42.4158321938599,7,9,4991.75261974927,155.746890608826,18.7685326273095,122.87950292559,2,157.262676762202,-1.51578615337549
kickEvent326,2286.782720512,2286.782720512,4,blue,0,yellow,0,-3540.631,-2207.168,1349.70196719249,107968.771558868,-3688.074,-1875.3162,0.75213903,3136.39732897786,5595.695,-73.77179,26.2791610587609,7,9,9792.61101332964,13.0258811024585,10.2377025023906,546.532582026909,3,43.0943920260636,-30.0685109236052
kickEvent327,85.8139584,85.8139584,4,blue,10,yellow,0,-3472.2754,-2015.346,649.155236589013,22809.0764961523,-3354.2761,-2001.1787,2.8250134,604.269505817,-5830.366,-329.66788,146.518639243123,11,11,3232.80236840441,141.434766754252,25.2641368111837,89.8532167718553,3,161.861344887903,-20.426578133651
kickEvent328,136.75794816,136.75794816,9,blue,10,yellow,0,-3444.2166,2941.3464,775.087785955365,67313.4478193807,-3510.2944,3123.5317,-2.051046,1202.67821023819,-5830.799,424.69598,7.5292956449907,11,11,3896.60716938576,-130.987903796564,17.7478352926937,981.443007675942,3,-117.516279387189,-13.4716244093749
kickEvent329,250.90943232,250.90943232,15,yellow,0,blue,0,3310.3435,2333.2783,1711.42802943159,49475.1918484068,3375.998,2270.038,2.0737126,1734.52198977428,5349.8794,695.0699,516.195578114277,11,10,3560.67967012523,-40.9416540038084,22.1915620506802,1147.0653855889,2,118.814979903101,-159.756633906909
kickEvent330,1012.853767936,1012.853767936,1,blue,10,yellow,0,-3314.711,-1755.4144,4977.47187563322,157314.915080972,-2932.053,-952.80774,-2.6597824,1779.50938239353,-5864.525,-503.11618,568.66335068708,9,10,3208.15472339605,146.826742259203,27.0099245580816,366.49379215868,1,-152.394305943177,-60.7789517976204
kickEvent331,1033.88238208,1033.88238208,5,blue,10,yellow,0,-1229.8762,-1807.2521,1191.85015127025,61879.1806219783,-1155.118,-1934.9214,2.6498318,159.008671234502,-5820.9307,-128.93169,18.1840798379585,9,10,5101.00394239025,159.249854441096,18.8080581171903,163.936171019729,5,151.824178559554,7.42567588154182
kickEvent332,1440.620600448,1440.620600448,5,yellow,0,blue,0,766.650775,1765.259225,742.399013772083,52306.6107078269,858.687575,1806.34605,-2.71177245,1236.2691613845,5625.8374,344.3485,14.8083155242794,9,11,5523.05026613516,-18.6397474842767,17.6008944947289,355.366500204451,3,-155.373116384851,136.733368900574
kickEvent333,1947.159923968,1947.159923968,7,blue,0,yellow,0,3371.1436,992.1435,788.837217089316,14755.3547854342,3582.0774,1024.8634,-2.1619105,808.130204456496,-5595.9033,66.766495,13.0059913730683,10,9,9423.51744819381,-173.95648365047,10.8518598251316,347.86021710072,3,-123.868347335018,-50.0881363154522
kickEvent334,2048.110749952,2048.110749952,15,blue,0,yellow,0,-4356.657,2062.6077,476.129613399142,24801.3106660923,-4244.9966,2091.482,-3.0724275,534.298637035035,-4570.856,1656.9553,455.634893398833,10,9,2637.21950920819,-128.54541031997,25.7050257176403,240.956425481123,1,-176.037128609931,47.4917182899609
kickEvent335,2423.80225792,2423.80225792,14,blue,0,yellow,0,-1380.8285,1891.9873,576.839459643342,22733.2988240664,-1300.063,1972.0961,-1.5018415,773.726250291294,-5614.414,223.37326,35.9144353077507,9,8,4991.6291218172,-157.726262983407,19.0297913135245,118.737776357569,4,-86.0491794475968,-71.6770835358099
kickEvent336,2577.717691904,2577.717691904,13,blue,0,yellow,1,-4500.93,626.7553,2995.83441728263,53837.3648684898,-4405.828,2323.7815,-1.9069241,764.447670038127,-6009.7817,-202.22365,1699.73820361301,9,9,1624.81785778532,-157.310386115869,304.145533116995,1580.04470555883,1,-109.258702781783,-48.0516833340864
kickEvent337,2625.190190848,2625.190190848,9,yellow,10,blue,0,4.979453,-5.5180731,113.530658835331,21951.2319905568,-170.79733,-28.3976595,0.036507385,1307.55736433091,5818.84,-2.235643,13.6681320515255,9,9,5995.02308653461,0.0527374690228764,17.0754797937084,682.659315771976,7,2.09171908155921,-2.03898161253633
kickEvent338,2732.83469824,2732.83469824,13,blue,0,yellow,0,-1259.6027,-942.9148,898.862658963824,28027.1723921994,-1154.1388,-930.4329,-3.09214,902.947092446808,-5610.935,58.799652,30.5756347924813,10,9,4833.26544707678,168.750102887599,20.7258046599336,503.021610386005,2,-177.166571663582,-14.0833254488184
kickEvent339,2780.221549056,2780.221549056,9,yellow,10,blue,0,63.491934,1074.3531,1809.9829064614,140326.205810308,-169.3913,1810.36,0.22160288,1597.83556265941,5821.2383,30.381807,85.609024702837,10,8,6032.93979757487,-10.2580144712251,16.7137272795115,662.023278129206,4,12.696909751944,-22.9549242231691
kickEvent340,2872.279181312,2872.279181312,8,blue,0,yellow,0,-1843.8896,2932.746,910.620664372697,28427.3071531215,-1925.292,2953.2727,-0.32167906,962.549206365497,-5646.8486,383.19437,114.795677951305,11,9,5086.67403688345,-144.791415919482,16.6189355002588,391.761124079164,3,-18.4308524957356,-126.360563423747
kickEvent341,3051.938633984,3051.938633984,13,blue,0,yellow,0,-4146.58,-561.3964,3873.96523551262,278655.424299553,-3607.32,-2075.2703,2.2411783,678.651525856208,-5634.107,160.81929,898.115105081359,10,9,1936.57729366348,163.148567316369,311.391441573543,800.113116230818,5,128.410057726305,34.7385095900646
kickEvent342,3122.368365312,3122.368365312,9,blue,0,yellow,0,-4126.6553,-3437.3418,703.731661119799,15174.519347604,-4060.8293,-3587.007,1.0197881,856.982573335189,-5745.803,-677.4533,34.1657068914738,10,8,3914.68249223936,118.59029948544,13.0787843668514,244.016422217952,4,58.4295541276651,60.160745357775
kickEvent343,3261.556246272,3261.556246272,13,blue,3,yellow,0,-5382.096,1651.8086,2393.27639627472,137840.041873915,-5333.801,2520.2783,-1.9519404,991.864695268897,-2267.4783,-707.6976,1717.82918354279,10,9,1763.59774445591,-110.509679096626,25.8046404439469,1277.10970324605,1,-111.837946781078,1.32826768445164
kickEvent344,98.347421952,98.347421952,4,blue,0,yellow,0,1227.8445,4259.704,4622.44153289845,888578.62262202,1014.9247,4404.4973,-0.47915712,2716.18416074254,5597.3784,452.97568,87.5344790178978,11,11,6396.76060860466,-41.7526219825922,12.0881893320448,639.350545946539,3,-27.4536806996435,-14.2989412829487
kickEvent345,118.244455424,118.244455424,3,yellow,10,blue,0,975.24408,-1071.63055,880.374231251266,217923.740041277,1059.9734,-1044.1688,-3.098645,1662.69602048998,-5819.868,-50.337543,26.0874672891339,11,11,7057.08310927882,171.26574547675,14.3740200845568,1196.24009252894,4,-177.539280709315,-11.1949738139355
kickEvent346,123.61957504,123.61957504,9,blue,3,yellow,0,698.8015,-1221.7688,1098.57815844329,32260.515117934,608.8635,-1238.119275,0.11433781475,1979.63349674034,-460.745065,-637.25519,232.324408909262,11,11,6809.30690577651,169.663654323285,14.8249833867318,453.293227143585,3,6.55107422392365,163.112580099362
kickEvent347,134.57329152,134.57329152,12,yellow,10,blue,0,-2679.4294,1373.7686,4073.76196860207,88693.1865695812,-2081.1091,-416.40292,1.9531835,654.989790629266,-5846.375,312.91037,519.213818150834,11,11,3593.52602271506,-157.524405142208,26.281506044974,912.55195014599,2,111.90917116459,90.5664236932019
kickEvent348,170.530954496,170.530954496,12,yellow,10,blue,0,-782.79815,2011.22405,355.358279663418,102093.554020403,-817.354835,2116.273,-1.52130055,838.787400593569,-5818.8086,158.07803,8.11415335963187,10,11,5591.44143517053,-158.918418319847,17.137843042475,230.660528287376,4,-87.1641008859309,-71.7543174339159
kickEvent349,247.20321792,247.20321792,1,yellow,10,blue,0,-2110.882,-1132.6838,3789.00309435187,249936.181930458,-2184.2808,-1368.7699,1.2611396,287.763435227145,-5822.6646,-93.10642,498.500067205644,9,11,4050.70505081602,163.762095624287,24.1703446227469,1368.16557704119,3,72.2579764568168,91.5041191674705
kickEvent350,294.218000896,294.218000896,12,yellow,10,blue,0,-5126.079,-346.3193,3389.63293126866,44521.6709820633,-4833.7275,2001.39,-2.135085,155.895339345468,-5905.077,-695.1633,458.204943404899,9,11,940.039877767688,158.382460644034,272.681517777146,853.539700506075,1,-122.331359401689,-79.2861799542763
kickEvent351,343.24784,343.24784,6,yellow,10,blue,1,-3640.0105,218.28085,470.941024328036,18798.6245253354,-3685.393,340.7138,-1.4843386,741.947974908427,-5821.805,93.734604,28.8221485678666,9,11,2370.06265098351,-174.715616506934,318.533897282443,181.265263545032,8,-85.0463371483573,-89.6692793585767
kickEvent352,582.15083136,582.15083136,2,yellow,10,blue,0,-2600.6648,313.69547,2354.01792670588,99075.2074479949,-2583.3357,-85.955315,1.5680491,612.351915002746,-5822.9346,125.730606,59.6064118433394,9,11,3413.77864687469,-174.727596776419,330.565568857918,1075.06293402204,7,89.8425954992872,95.4298077242938
kickEvent353,583.16512128,583.16512128,6,yellow,10,blue,0,-4034.4878,378.1886,5637.48417741003,275913.42661986,-4796.281,2906.5225,-1.1932569,1165.35390384116,-5810.9062,55.798157,582.26628298785,9,11,2001.56559360886,-169.108696689018,312.095604489479,255.504024346487,5,-68.3685842448641,-100.740112444154
kickEvent354,589.550915584,589.550915584,12,yellow,10,blue,1,-3798.933,40.943993,5045.82203406442,313135.607854066,-3492.709,-219.26291,2.477502,1866.80402413391,-5823.9023,148.56831,90.0399493924012,9,11,2201.44778476615,-178.934313464603,315.533319775322,201.95323767837,8,141.95040833522,39.115278200177
kickEvent355,667.895620096,667.895620096,2,yellow,10,blue,0,-4015.7239,-1406.827,909.858791464944,19455.3366807498,-3957.7473,-1548.184,1.2605956,1359.79867366212,-5835.377,-360.02167,146.761983554296,9,10,2432.38850699476,144.663834888682,34.9704574445929,123.692581869771,1,72.2268075527617,72.4370273359206
kickEvent356,673.952275456,673.952275456,4,yellow,10,blue,0,-3180.9187,-1145.9556,4462.65304553291,30493.632972579,-2490.615,1201.2867,-1.7425576,637.971144329837,-5842.122,-342.1962,434.709690600427,9,10,3043.09605717287,157.8782744517,30.9841236100893,914.660381993076,1,-99.8411960384459,-102.280529509854
kickEvent357,754.953010944,754.953010944,6,yellow,10,blue,0,-2638.225,-403.72247,4067.15992482278,196826.728770448,-2407.6448,-1877.8591,2.198952,421.668419436818,-5821.739,19.323322,60.1663558427579,10,10,3385.93015040297,173.1520271234,330.40575904095,622.764936007583,10,125.990668951851,47.1613581715485
kickEvent358,831.883127296,831.883127296,2,blue,0,yellow,0,142.751575,1506.6886,2466.9910964265,554415.714851613,10.01309,1521.6919,0.17118556,3682.84183225198,5666.1504,131.95137,18.7162044509233,10,10,6047.93102222032,-14.4257185688341,16.4237440470868,356.142407362884,3,9.80821010158352,-24.2339286704176
kickEvent359,866.71299712,866.71299712,9,yellow,10,blue,0,-3963.6516,2575.7473,3454.25091610385,223285.416743602,-2397.0405,2282.9543,-2.6905773,953.786224555677,-5874.753,598.78546,608.395322451245,10,10,3283.47208906058,-128.329384317862,20.1835191606413,701.359691047333,1,-154.158723743704,25.8293394258419
kickEvent360,874.826339328,874.826339328,6,yellow,10,blue,1,-3905.407,295.05655,4490.26553788651,274771.301641693,-4054.392,-411.2998,1.3590143,194.183516998711,-5837.432,236.81557,521.683695690077,10,10,2115.2726073362,-171.981741473537,314.184010348317,702.922073349079,6,77.8657836879259,110.152474838537
kickEvent361,1304.09257856,1304.09257856,2,yellow,10,blue,0,2843.7263,948.3271,5766.45854786593,305701.977700431,2750.9277,897.67096,0.3215735,748.265976833804,5825.3228,234.91139,449.792974395722,11,10,3295.66199084586,-16.7233062257972,29.4762060110155,239.362343464318,1,18.4248043532502,-35.1481105790474
kickEvent362,1307.819840384,1307.819840384,3,yellow,10,blue,1,4102.43045,1875.93485,527.545037048507,28848.2809551031,3955.23035,1794.91525,-0.3413977,448.855256208255,5454.8605,798.160815,884.171697621192,11,10,2668.31440398835,-44.6715086858566,28.4272126329852,140.223551582357,1,-19.5606473454734,-25.1108613403832
kickEvent363,1564.538432512,1564.538432512,12,yellow,10,blue,0,2109.351,-1142.9113,4910.09975502072,339226.689943087,2285.9688,-1480.5725,2.0654073,211.466216748193,5817.3975,-46.58339,343.858054137424,11,11,4055.0457310453,16.3706003896116,24.1305690575096,777.363205713058,3,118.339121265511,-101.968520875899
kickEvent364,1629.678990592,1629.678990592,6,yellow,10,blue,0,703.54895,-2040.2705,562.915007269955,19421.242916775,778.39705,-1986.33235,-2.2942046,1025.55742739795,5820.525,-128.85016,21.2403530888181,11,11,5675.83451469617,21.0674153806674,16.8866601529662,536.351136177843,3,-131.448240919499,152.515656300167
kickEvent365,1656.472561664,1656.472561664,8,yellow,10,blue,1,3082.7075,-496.938,894.259134246765,32587.8415846155,3113.2583,-405.60464,-2.0985641,314.474240879238,5821.185,-92.40008,33.3110231850117,11,11,2959.31460078178,9.66709970895244,33.4536675975175,209.982523743459,1,-120.23886596767,129.905965676622
kickEvent366,1744.155644416,1744.155644416,12,yellow,10,blue,0,4281.347,-2817.1218,965.300898458729,20085.1279575234,4072.4326,-2834.332,0.543938,1268.29305380962,5848.424,-514.3614,24.4167084656686,11,11,3299.99141975312,58.6137154904364,17.061461826315,356.196497070662,1,31.165351716787,27.4483637736494
kickEvent367,1845.557192704,1845.557192704,9,yellow,10,blue,0,1195.9925,4342.63835,6452.4476938357,205703.40508882,4777.8677,-3752.1365,1.957145,1009.58507508843,5831.943,305.37756,37.3073811333723,11,11,6475.87800216673,-42.1123709910585,11.8738477384023,688.220554700354,4,112.136148395131,-154.24851938619
kickEvent368,1946.058083328,1946.058083328,1,yellow,10,blue,0,2240.2766,560.82764,880.615699775954,36198.1925515504,2325.45,534.9859,2.5964737,471.917458748468,5820.6914,89.85841,56.9443149362469,10,10,3801.32183408555,-8.48409737053769,26.3882831380417,165.163536817684,3,148.766984626717,-157.251081997255
kickEvent369,1948.481478912,1948.481478912,12,yellow,10,blue,1,5280.9536,2834.2349,501.632013447279,50571.5237329371,4585.248,-2001.9657,1.0135558,2647.85365768492,5905.441,791.7839,45.3875180788041,10,10,2924.0238018407,-75.7643876578266,9.4932735545757,2135.78805131964,1,58.0724696410058,-133.836857298832
kickEvent370,2203.23246592,2203.23246592,15,yellow,10,blue,0,3649.0396,-1930.006,4385.80943206303,314316.329727321,3888.2192,-2053.2185,2.638699,153.398583045411,5827.162,-300.50745,467.387471408485,11,10,3041.69984752016,39.3840665854215,26.6234428185888,696.820936314696,1,151.186316105391,-111.802249519969
kickEvent371,69.015867264,69.015867264,4,yellow,0,blue,0,12.545108925,-15.6287955,175.584434546549,106622.715533364,335.4993,4.207922,-2.6726203,2057.80185649784,-5583.213,2.58182,30.9598864631825,8,8,6012.56542135773,179.85106772789,342.973656178943,732.290697383097,8,-153.129863430988,-27.0190688411225
kickEvent372,188.375829504,188.375829504,1,yellow,0,blue,0,956.45755,4296.007,3870.08807549892,787244.614276098,1158.4706,4400.077,-2.6376832,613.847002071226,-5613.7383,279.98636,40.6827591903058,8,8,8176.06126377494,-148.302317831319,10.7365349508659,2801.56632869921,3,-151.128115052561,2.82579722124228
kickEvent373,230.831812864,230.831812864,5,blue,2,yellow,0,1675.6423,-347.5652,805.94068123601,51847.9083348887,1472.0096,-622.4267,0.38504907,1205.34992187392,5885.182,-20.699684,22.2065710167006,8,8,4338.30278862602,4.59520342188705,23.3727820952435,1469.34092892783,5,22.0616866164374,-17.4664831945503
kickEvent374,255.87383296,255.87383296,4,yellow,0,blue,0,4940.029,4273.351,62.9237552998901,8379.7699691719,5104.479,4381.2866,-2.7476587,295.95430844922,-5591.433,189.49866,82.5742141309979,8,8,11745.0314299299,-158.663585232132,8.17154594966765,3816.11530477725,3,-157.429247052402,-1.23433817972953
kickEvent375,277.431103744,277.431103744,8,blue,2,yellow,0,4819.13,4313.1997,65.6024926712926,10340.4993629835,4668.4775,4541.8633,-1.2980317,727.453306479784,5882.147,555.97626,34.0184889605142,8,8,4471.92862297467,-74.6887282490453,6.32116569944854,1291.5779991486,4,-74.3717380841914,-0.316990164853861
kickEvent376,718.834743552,718.834743552,8,blue,2,yellow,0,4343.586,4364.3813,79.0355409303472,14091.6416680531,4302.543,4691.8726,-1.1374844,1151.8592868082,5885.7505,441.82822,33.6432290788615,8,8,4668.14004408455,-69.2167395903731,8.08777062742432,1763.93864363036,3,-65.1730553819707,-4.04368420840235
kickEvent377,755.219728128,755.219728128,1,yellow,0,blue,0,5031.257,4266.9316,113.545519737148,11075.5357803388,5302.7095,4202.754,-2.7080302,715.083113415851,-5602.5557,164.91621,29.9019349635174,8,8,11827.7358898112,-158.853342664909,8.12482535514425,2976.57349120323,4,-155.158701253968,-3.69464141094037
kickEvent378,803.748363776,803.748363776,4,yellow,0,blue,0,1238.8331,4259.1143,73.4048111069985,8465.97553847976,1434.1155,4346.0176,-2.5278533,934.823978912997,-5601.9297,262.64285,43.4352580425707,8,8,8398.8546403733,-149.528709256735,10.5842351095299,1576.02966494399,4,-144.835325318218,-4.69338393851737
kickEvent379,936.740080768,936.740080768,8,yellow,0,blue,0,946.7843175,4379.431075,2318.35897530573,379802.133824796,1078.045225,4347.612175,-3.03266975,7339.47135712798,-5604.0576,282.67432,51.2284126651278,8,8,8212.01734621522,-147.771616674209,10.6292968308663,600.961958865215,5,-173.759177331994,25.9875606577853
kickEvent380,1146.164719872,1146.164719872,1,blue,2,yellow,0,2073.2253,3980.7908,78.860627497109,10144.0245933886,1868.3497,4242.804,-1.1065562,767.950783407689,5886.2607,211.30066,158.678905288562,8,8,5591.62364058283,-45.3913779050444,13.0657342122819,723.904852111222,3,-63.4010000540342,18.0096221489899
kickEvent381,1259.908764928,1259.908764928,10,yellow,0,blue,0,1362.007,-4262.068,91.1702619655311,10918.1773545803,1566.5146,-4196.706,-3.1076877,378.153360716557,-5604.4995,-263.90515,9.83831151746186,8,8,8506.72502815702,149.932271579472,10.492098841393,766.219406919293,7,-178.057389254718,-32.0103391658101
kickEvent382,1277.00717824,1277.00717824,4,blue,2,yellow,0,-5083.656,-4277.1646,129.840541078396,17734.2509533657,-5316.796,-4308.064,0.4190816,601.250144221562,5882.609,-65.56919,97.8876294737333,8,8,11880.3016519712,21.1015194102846,8.09137234688172,3128.63662470915,4,24.0116069515898,-2.91008754130511
kickEvent383,1281.308242944,1281.308242944,8,blue,2,yellow,0,5166.682,-421.72153,5330.91635364428,158898.375667688,2192.6458,-1056.2987,-2.2590685,2802.61110203284,5826.8594,-98.998764,287.851332100356,8,8,933.952856406329,26.8428382185772,87.6228610907388,734.836160763371,1,-129.43509068095,156.277928899527
kickEvent384,1284.465572608,1284.465572608,2,blue,2,yellow,0,2240.6758,53.31059,1011.35963251838,49422.0726015237,2064.4958,348.80838,-0.4864127,845.826273218161,5895.533,-127.96508,196.720160207835,8,8,3759.70217699644,-0.812451101136856,26.9220260239312,830.041280200524,2,-27.8693948115631,27.0569437104262
kickEvent385,1297.87926464,1297.87926464,4,blue,2,yellow,0,102.691545,-4304.8554,810.925846216152,181906.031585493,-138.0434975,-4422.61685,0.56876697,2008.93430009022,5883.432,-140.2388,18.5444933020965,8,8,7301.37158541624,36.1283047236524,11.4307164208636,2533.46282289231,4,32.5879469074439,3.54035781620849
kickEvent386,1349.736434944,1349.736434944,3,blue,2,yellow,0,-3806.6948,-4338.3867,142.05169068347,17434.187093121,-4121.576,-4377.095,0.48324758,810.18458663719,5883.5107,-79.27902,146.079698102968,8,8,10723.4724813879,23.8641339149461,8.7880472481808,2488.25605465873,4,27.6880467939106,-3.82391287896448
kickEvent387,1354.736991744,1354.736991744,3,blue,2,yellow,0,-732.946355,-3308.55855,1559.79117216505,292836.970398733,-868.67491,-3326.537725,0.2375439725,5858.71980309561,5883.067,-101.442795,84.2310642579939,8,8,7501.94150191041,26.1694244064389,12.3247259883961,507.481895893718,4,13.6102670730217,12.5591573334172
kickEvent388,1396.50532992,1396.50532992,6,yellow,0,blue,0,2866.0698,426.4666,723.911044369649,19718.7184326947,2871.0781,524.8352,-1.6593251,739.00087970869,-5583.6597,27.108215,47.4569080681158,8,8,8876.32060368414,-177.24613971715,348.43376056188,271.609786247395,8,-95.0723250701233,-82.1738146470269
kickEvent389,1419.538327552,1419.538327552,4,blue,2,yellow,0,-5077.685,-4359.477,220.087946372409,27988.1315371536,-5400.2036,-4414.603,0.5716342,733.721342085627,5881.6313,-68.087234,91.8802209893078,8,8,11904.6270278726,21.4814647817555,8.05430210766129,3245.36699018384,4,32.7522270853372,-11.2707623035817
kickEvent390,1485.167324672,1485.167324672,1,blue,2,yellow,1,4237.8447,2366.6758,220.398584858434,14474.8035516779,4210.2324,2584.3071,-0.8060746,514.038062538336,5877.8003,346.3981,152.659931963824,8,7,2950.65173201171,-53.3297439607085,21.8848127067644,427.427322563181,1,-46.184672552696,-7.14507140801248
kickEvent391,1603.668373504,1603.668373504,1,blue,2,yellow,0,5033.323,3677.4756,112.107296081767,22557.5246521633,4904.9023,4026.3354,-1.3910049,1046.13405740597,5883.593,592.41986,72.0929954928479,7,7,3802.40597660539,-75.2721712677634,7.26543619988826,1108.70968518788,3,-79.6987100520171,4.4265387842537
kickEvent392,1776.328655616,1776.328655616,4,blue,2,yellow,0,1085.2096,2219.9554,923.993074317214,120370.230146317,900.9926625,2402.3154,-0.3707928275,1242.28766800861,5882.439,110.08739,75.4938899368009,7,7,5392.89965175705,-24.3081574050633,17.3746916975343,295.058879223182,3,-21.2448640894724,-3.06329331559091
kickEvent393,1807.698797312,1807.698797312,8,yellow,0,blue,0,5004.0923,4238.387,126.639489782207,17665.2855699904,5232.1396,4220.184,-2.7040303,705.904558388342,-5577.7515,180.22308,71.6329578688492,7,7,11792.1148106982,-158.935080549922,8.1537508600633,2739.90819835652,4,-154.929523865494,-4.00555668442806
kickEvent394,1836.00278016,1836.00278016,9,yellow,0,blue,0,-4026.049,4309.07,116.148331790806,15786.7263728367,-3898.3074,4485.357,-1.9893285,185.981363776164,-5736.056,722.0527,266.443230387657,7,7,4739.68003300866,-114.61214236577,9.31814098621062,1823.64041708775,1,-113.980127115091,-0.632015250679529
kickEvent395,1902.531604224,1902.531604224,3,blue,2,yellow,0,-1582.2347,4262.9087,127.164834443283,17088.4184564,-1817.3348,4372.311,-0.6235056,635.644864571061,5885.045,108.37722,121.204238371022,7,7,8698.42937721631,-29.3457071148413,10.3333301537183,2059.95813256079,4,-35.7242393827721,6.37853226793084
kickEvent396,2028.800476416,2028.800476416,5,blue,2,yellow,0,1828.8875,-4378.707,53.12910016587,6342.20210766259,1556.1202,-4588.573,1.0445083,1039.46665541929,5885.0444,-208.13821,39.4190437548584,6,7,6047.41717425756,46.3909009559743,11.8569234716543,1646.99555744838,6,59.8459172563844,-13.4550163004102
kickEvent397,2066.7779584,2066.7779584,6,yellow,0,blue,0,1082.5805,49.430954,991.79375096846,105416.296626902,1243.5333,-5.9498396,-2.9273965,1013.72417640055,-5583.505,-6.2335424,25.3459025484574,6,7,7082.75299288304,-179.600126104046,345.516896121311,300.667005844432,6,-167.727464411369,-11.8726616926772
kickEvent398,2116.807148032,2116.807148032,9,yellow,0,blue,0,-4949.534,4318.9473,129.486924963744,16556.8519240272,-4855.947,4511.4043,-1.798412,111.53875777294,-5830.367,864.4166,35.7505189278959,6,7,4444.86046995103,-103.670195543883,5.69909659660348,2378.07759026194,1,-103.041417425681,-0.628778118201996
kickEvent399,2135.335854848,2135.335854848,3,yellow,0,blue,0,-2748.7146,4243.4575,121.276632227763,15546.2667633339,-2482.082,4299.9043,-2.2079995,583.925695326623,-5663.0366,524.03674,33.3275422088273,6,7,5345.81970389569,-127.45889570145,11.9014282465531,2808.8407709421,3,-126.509052516996,-0.949843184453502
kickEvent400,2156.7642944,2156.7642944,3,yellow,0,blue,0,-5734.949,4291.0386,137.486157873022,15701.9243901186,-5691.948,4486.8315,-1.6243947,172.114650203954,-5847.375,901.3234,44.9073260355773,6,7,4299.21670764466,-93.5345834631969,1.54633060047824,2973.71686135685,1,-93.0709605734195,-0.463622889777417
kickEvent401,2215.321769472,2215.321769472,2,blue,2,yellow,0,-5647.895,4291.514,146.225735710803,17480.6702749579,-6028.9575,4348.009,-0.6146354,890.22698962034,5883.8755,61.821117,72.1673707287035,6,6,12413.3214871452,-20.2256574898227,7.78876757198486,1844.0856831447,4,-35.2160143593352,14.9903568695125
kickEvent402,2597.91774592,2597.91774592,6,blue,2,yellow,0,13.54374475,-10.9425065,241.269882411788,74620.2443069799,-207.74333,-12.964727,-0.0202625988,128.536894745564,5884.8135,-1.01961,100.466554546287,7,7,5986.46625602035,0.104729528582797,17.0995063127944,740.897758672737,2,-1.16096139320685,1.26569092178964
kickEvent403,2749.732913664,2749.732913664,2,blue,2,yellow,0,4719.307,-4312.0356,52.0573627359854,6615.55508187235,4685.6616,-4660.528,1.2785201,984.773196592796,5884.6636,-527.2107,12.7184919684366,8,7,4498.2024827609,73.4583554898066,6.76828580816186,1807.58144412698,3,73.253805752644,0.204549737162601
kickEvent404,2954.805044992,2954.805044992,1,yellow,0,blue,0,-4858.2354,4314.3296,163.529679153953,18812.4639285619,-4598.9136,4501.4717,-1.8022933,733.797611902793,-5806.863,840.8715,16.5098790165756,7,7,4462.85405309756,-104.823205677343,6.13919175756358,2468.41109628862,1,-103.263799534706,-1.5594061426372
kickEvent405,3127.878678144,3127.878678144,4,blue,2,yellow,0,-304.01148,4181.14575,1830.03233795439,328692.35327579,-675.1214075,4189.03405,-0.79714917,1609.98106515021,5886.18,132.21333,30.4647709310191,7,7,7564.55818423752,-33.5543911506493,11.3731163465008,761.44618502812,4,-45.6732830833566,12.1188919327072
kickEvent406,3141.278779392,3141.278779392,4,blue,2,yellow,0,525.745895,-2632.670325,962.52726575332,120950.973456833,462.0155675,-2717.234325,0.8373892825,4226.30384905385,5885.286,-108.98102,90.8884035770485,8,7,6074.40622993268,25.6837642371092,15.2719095665781,556.748610087453,3,47.9788716967382,-22.295107459629
kickEvent407,3256.923177216,3256.923177216,9,blue,2,yellow,0,-4109.4717,-2857.5605,74.0729377291723,10455.2550863505,-4431.8853,-2861.2476,0.35572577,786.582171933898,5883.849,-53.07811,78.2331350902276,7,7,10505.573285845,15.7835658096609,9.43053566573397,589.904887198852,4,20.3815852850414,-4.59801947538049
kickEvent408,3260.950809856,3260.950809856,1,yellow,0,blue,0,2980.425,-1127.5026,190.615701853549,12161.8121618408,3070.2676,-1184.6785,2.8409333,233.565985521655,-6158.6025,1013.9707,41.5343588484452,7,7,9050.92786920942,172.843893560076,11.2711470708942,1538.25500447496,5,162.773487968173,10.070405591903
kickEvent409,3289.078864896,3289.078864896,9,blue,2,yellow,0,1453.9944,-4316.819,104.676614436475,9387.31971172094,1203.7042,-4458.2886,0.9892205,752.761335726128,5882.12,-186.44669,13.7529138975131,7,7,6269.0583977175,43.5187003406096,12.0018167775026,2190.87672555882,3,56.678159657821,-13.1594593172114
kickEvent410,3312.90860544,3312.90860544,9,blue,2,yellow,0,2730.535,-4157.3647,132.71211684531,20178.5129297578,2486.7969,-4328.949,0.8058311,638.97218928987,5883.932,-255.166,82.1539592582509,7,7,5288.95855864187,51.8175238908457,12.2245231450477,2592.57770886082,3,46.1707210303846,5.64680286046107
kickEvent411,3446.426337536,3446.426337536,4,blue,2,yellow,0,-1807.2126,4386.769,106.140357043267,15332.1448520989,-2019.1865,4424.31,-0.38963994,469.008032509092,5883.799,101.99045,16.3405550161354,7,6,8955.23929557216,-29.3310534627416,10.0385177473187,2625.97413584083,4,-22.3247240917306,-7.00632937101095
kickEvent412,3468.679980032,3468.679980032,4,blue,2,yellow,0,1518.2808,2075.0876,573.059608696706,11311.9177002175,1381.643,2098.2441,-0.34535468,597.725060985515,5881.721,135.12894,72.2425507768907,7,6,4938.80507160613,-24.8446799226515,18.8853004000098,525.464415507672,4,-19.7873655990911,-5.05731432356044
kickEvent413,3489.82329984,3489.82329984,9,blue,2,yellow,0,237.88224,2345.7131,568.358616905064,105904.904883943,15.0427975,2335.04875,-0.352266665,873.887641691813,5882.5386,92.01716,25.1052043622179,7,6,6221.2837121947,-22.1508541487782,15.30715307606,2127.08040717576,4,-20.1833931676488,-1.96746098112935
kickEvent414,3506.009215744,3506.009215744,6,blue,2,yellow,0,3671.2014,4284.4507,64.2994112880543,7443.73474292102,3887.7778,4564.457,-1.150094,1385.14020390714,5884.3276,341.56644,85.055584227971,7,6,4876.45575393569,-61.4738588668962,10.3422834505239,2185.62017874558,3,-65.8955322433189,4.42167337642267
kickEvent415,3569.652149504,3569.652149504,9,blue,2,yellow,1,3255.0571,2134.6582,2898.37367885037,35919.3611079257,2158.8396,1063.8972,-0.19841145,1087.26352563924,5887.7236,335.76605,426.889519811581,7,7,3477.28013756264,-37.8711157218228,23.6517578109084,772.367242227148,1,-11.368138692071,-26.5029770297518
kickEvent416,3645.052571136,3645.052571136,6,blue,2,yellow,0,4.67140525,-71.568605,699.15755543095,143713.026808846,-285.53586,-47.5371535,0.35098562,1854.40627982179,5883.41,-1.4334942,108.736802665373,7,7,5995.75575088317,0.683929860486545,17.0722851424418,1796.97429395852,6,20.1099946957825,-19.426064835296
kickEvent417,3687.252557568,3687.252557568,10,yellow,0,blue,0,1122.4896,4314.11235,1628.67066547411,417060.152015441,1364.3024,4365.516,-2.2367187,1144.55131068819,-5594.428,277.4758,90.8086839606596,7,7,8327.14978071913,-148.796590444824,10.59610168216,3693.07733329128,4,-128.154541467988,-20.6420489768359
kickEvent418,3709.396912128,3709.396912128,1,yellow,0,blue,0,4065.3748,4290.888,79.5579277079918,10782.119809687,4362.19,4248.201,-2.7781048,845.580616884868,-5588.3237,184.95871,58.5259600388698,7,8,10941.8229602301,-156.911358287038,8.66296941746923,3134.82505310492,4,-159.173680085036,2.26232179799807
kickEvent419,54.489446656,54.489446656,9,blue,6,yellow,0,3347.1199,-938.9082,163.560009452732,18179.154613422,3502.1948,-999.24835,2.8103242,325.273527197949,-5820.6226,-51.94254,8.9200972918549,11,11,9394.15770747986,174.263940827745,10.8914622164343,707.347335183621,8,161.019715723479,13.2442251042658
kickEvent420,69.590784256,69.590784256,3,yellow,1,blue,1,3946.5908,-178.12508,476.280737503412,43017.4203658581,3857.5742,-242.80836,0.77086633,431.054747553919,5259.3477,-465.8452,217.744688005165,11,11,2061.12054154279,4.95777028636667,47.070435208215,116.85319414034,1,44.167387277739,-39.2096169913723
kickEvent421,426.578801664,426.578801664,7,yellow,1,blue,1,5404.1997,2710.9106,75.6239046275527,10502.1693414103,5501.7485,2981.1748,-2.362152,872.991778156311,5886.0757,922.4436,107.452864467612,11,11,2775.61061366188,-77.6046783979907,8.84212550198014,835.756824354656,1,-135.341340168386,57.7366617703958
kickEvent422,1141.84011136,1141.84011136,7,yellow,3,blue,0,2728.1675,-207.456,1428.94482078444,89561.2264899427,1910.3035,400.57858,-0.1931582,2100.57359960306,5503.7695,-128.22768,270.999481362037,11,9,3278.40294960706,3.62807760771801,30.6513388285432,744.597237669467,4,-11.0671496383439,14.6952272460619
kickEvent423,1143.59769472,1143.59769472,8,yellow,3,blue,1,3106.06,1470.6458,2215.80023760236,73209.6907475324,1923.1812,2217.3252,-0.7121175,1572.52449887951,5537.5293,204.9091,300.686424329865,11,9,3246.18049292667,-26.9388196835792,28.1686612054121,1234.1952442631,2,-40.8013272674074,13.8625075838282
kickEvent424,1358.46034944,1358.46034944,7,blue,6,yellow,0,11.2866681375,-2.243054875,935.049895266319,108517.557579626,396.8741525,-8.79564,3.047661175,1538.81672282564,-5822.385,-2.9451144,65.7264935943049,11,9,6011.28708662486,179.978620621726,342.970035413026,692.45988527615,9,174.618122713381,5.36049790834502
kickEvent425,1663.756648704,1663.756648704,0,yellow,3,blue,0,4841.545,-1826.6427,414.205715994565,25396.8843483472,4854.1245,-1928.012,1.4377327,351.98519890981,5814.6875,-26.40411,475.267215738876,10,9,2163.01676842513,57.6171699679633,28.3249108420253,194.989181013435,1,82.3760157779485,-24.7588458099852
kickEvent426,1964.972320256,1964.972320256,7,yellow,3,blue,1,4708.2983,245.50961,3714.55788053397,162351.340703159,4536.1646,2167.2717,-1.0377158,1073.80154925856,5736.8936,-717.3922,250.638965271304,10,10,1314.82631947541,-10.7616611044287,68.4381286627761,763.188819477861,0,-59.4567356740418,48.6950745696132
kickEvent427,2405.193024384,2405.193024384,9,yellow,3,blue,1,12.799562475,-11.67348825,1589.64522918441,391878.381269575,-165.9112225,-18.6779885,0.01932329075,1559.23731210473,5570.3213,280.46378,508.675110364244,10,11,5987.21181765164,0.11171177052955,17.0974047418269,900.207076665995,6,1.10714300627918,-0.995431235749633
kickEvent428,2542.720408576,2542.720408576,5,yellow,3,blue,0,1273.3419,-184.78218,2276.38155300588,109470.96588385,501.17337,229.808195,-0.334000475,1539.32179997452,4726.6763,-706.7272,458.766026592157,10,10,4730.26862327513,2.23875944224517,21.5301953190635,931.330183547001,6,-19.1368175728648,21.3755770151099
kickEvent429,2545.52017152,2545.52017152,1,yellow,3,blue,1,3603.9343,-1061.2777,1115.7495235893,34683.1831351985,3211.796,-1160.3625,0.037317596,1966.73863820756,5115.276,-278.91504,380.350481587524,10,10,2620.58031650125,23.8897562767552,35.4509924161567,417.515652085518,1,2.13814075237428,21.751615524381
kickEvent430,2610.759654656,2610.759654656,1,yellow,3,blue,0,434.6653325,-752.977955,1135.03229197729,251231.714455769,289.33364,-782.229975,0.16168696,1298.62983641389,5568.6133,602.66364,163.262555724351,10,10,5616.04182338356,7.70520861775714,18.0553728263278,981.376176177029,5,9.26398041030056,-1.55877179254342
kickEvent431,2715.949592832,2715.949592832,3,yellow,3,blue,1,3207.9692,-1413.3795,70.4919173082568,8506.77365724538,3045.52,-1684.4574,1.48232,938.863418936083,5707.328,-745.54987,49.5892391515479,10,9,3129.38933326758,26.8494069758608,29.2251842057903,890.464378231594,1,84.9306798878322,-58.0812729119714
kickEvent432,2879.006875648,2879.006875648,12,yellow,3,blue,1,2991.7717,-200.65837,91.3998150890962,19334.4040434466,2825.13,-176.77312,-0.13748561,526.737265364032,5505.0386,-84.90218,108.939716113028,10,9,3014.91314740109,3.81615718139558,33.1841350013431,186.396683171651,3,-7.87734519678163,11.6935023781772
kickEvent433,2947.16520064,2947.16520064,9,yellow,3,blue,1,2380.2834,-1665.2886,97.5503796751418,12817.7652529906,2223.3691,-1630.4438,-0.35257584,500.009369563634,5349.745,-403.40848,149.291504923645,10,9,3984.41142273304,24.7052907909354,23.3873490977614,268.473481399188,5,-20.2011075902798,44.9063983812152
kickEvent434,3089.45247744,3089.45247744,5,yellow,3,blue,1,2124.8945,754.55316,146.075959624925,13031.4225986901,1949.3322,742.06006,0.09228097,504.930452019086,5336.693,267.6222,126.783582727328,11,10,3947.88463704251,-11.0186478801406,25.2705309260615,612.749919755433,6,5.28731011037336,-16.305957990514
kickEvent435,3162.436860032,3162.436860032,11,blue,6,yellow,0,11.679403035,-12.913296,236.787144072244,121724.131034268,201.4850975,-14.47337325,3.0824393,2574.64587870753,-5820.887,7.118874,67.4329596149345,11,11,6011.69327212299,179.876926866378,342.971205088034,695.653463154208,11,176.61076249526,3.26616437111829
kickEvent436,3164.195614464,3164.195614464,1,blue,6,yellow,0,182.230965,550.150285,4321.07876009531,1463631.02118359,1554.588,1358.5073,-2.600872,1838.80811574653,-5820.046,-1.7206997,58.0464938850227,11,11,6206.66134412781,-174.914703660892,343.560047790032,637.230816850078,11,-149.018988653749,-25.8957150071429
kickEvent437,3509.082584576,3509.082584576,8,yellow,3,blue,1,3224.254,-361.11014,64.600079540529,6772.15319038796,3013.4778,-407.02127,0.75868666,1113.35084171746,5436.234,-257.96594,266.262338898708,10,10,2799.13672222827,7.41225382580994,35.4206784582899,714.892249330402,3,43.4695435908769,-36.0572897650669
kickEvent438,3548.359863808,3548.359863808,10,blue,6,yellow,0,13.40544137,-14.005445,458.30778695893,555020.11966726,281.15307,-19.916176,3.1070458,1770.5164750404,-5821.943,-3.7189877,80.7460819942054,10,10,6013.42175094912,179.866556239125,342.976034577959,710.693480595107,10,178.020611093848,1.8459451452767
kickEvent439,3561.898217856,3561.898217856,12,yellow,3,blue,1,613.94315,1331.202675,4344.3683224103,7625106.66992702,535.241225,1404.8588,-1.31420325,980.915316239859,5317.3843,183.1582,95.3966553878104,10,10,5548.12661655798,-13.8828414330782,17.9247579705563,814.541104384167,5,-75.2982996473762,61.4154582142981
kickEvent440,17.24303488,17.24303488,4,yellow,3,blue,0,-196.300595,586.0188,7174.20123727492,1948013.15054435,-616.15965,1770.0063,-0.41202834,1998.73769331032,5950.2627,-12.919202,198.511046558943,11,11,6223.95044144399,-5.40271227356203,16.3870051104842,629.743085836526,4,-23.6074849217813,18.2047726482193
kickEvent441,36.508497152,36.508497152,14,yellow,3,blue,1,5812.0337,2808.7527,134.844876153761,18414.6509473546,2960.4612,1479.305,-0.32930076,1501.29281166788,5899.6035,898.486,114.205761767482,11,11,2815.03517912174,-86.171381909573,2.72275369520514,689.463909332932,4,-18.8675437384504,-67.3038381711225
kickEvent442,301.773405184,301.773405184,2,yellow,3,blue,1,4131.4385,2052.3547,4980.32819131822,61710.4519316045,2630.606,-259.47192,0.25713637,1004.95952902316,5806.8105,778.8825,671.695877580835,11,11,2775.55073704199,-47.6837788502383,26.0076360907973,1161.53545673105,1,14.7328287603144,-62.4166076105526
kickEvent443,401.399668608,401.399668608,12,blue,0,yellow,0,-1088.215,-3797.3145,10963.7865738537,14599891.1530151,-119.59847,-1989.1492,-2.12126555,2219.15637529358,-5597.18,-443.42422,309.656249310046,10,11,6208.4804339013,142.292291772411,13.1863195557736,585.866815495203,6,-121.539563241497,-96.1681449860921
kickEvent444,517.481888768,517.481888768,7,yellow,3,blue,0,1035.72905,-316.72479,3703.26939484044,177684.212186422,-891.89856,-1180.2323,0.39805868,2403.6945353435,5937.164,49.818172,155.035528824971,10,11,4974.36434709144,3.65057248629908,20.4727322177372,856.582341470473,2,22.8070823625486,-19.1565098762495
kickEvent445,519.74595712,519.74595712,14,yellow,3,blue,1,2622.7947,-547.87476,725.012788957917,27527.273656075,2624.8198,-637.7166,1.5903692,797.700699007895,5920.373,-33.03278,307.940275552159,10,11,3421.35680556605,9.21466072853008,29.1582239602446,195.481046024263,5,91.1214430275971,-81.906782299067
kickEvent446,654.66044928,654.66044928,1,yellow,3,blue,0,6009.671,2948.6887,5612.4294500368,330568.539575236,5980.9224,3043.2983,-1.4820175,220.306000338895,5899.499,886.66113,258.288685412175,10,11,2948.70455925118,-90.1879159020305,0.126494576953035,270.487338950199,1,-84.9133479145295,-5.27456798750106
kickEvent447,697.675252736,697.675252736,7,yellow,3,blue,1,3919.0374,-352.89355,5523.78581525588,357008.355763691,5285.497,-2929.6433,1.4373685,1813.46352398809,5702.8477,204.98491,464.011027752863,10,11,2110.67268903313,9.62476009608905,45.7813474995703,1230.86909315623,1,82.3551486550499,-72.7303885589608
kickEvent448,851.875524608,851.875524608,14,yellow,1,blue,1,2339.5698,-398.70883,1966.32549250967,95233.1050961085,2349.3335,-492.15616,1.7222477,227.755568143782,5812.094,-67.669685,61.5194010415347,10,10,3682.08065911001,6.21638020414596,27.3325942719907,515.60261115057,4,98.6775244861132,-92.4611442819672
kickEvent449,1066.120378112,1066.120378112,2,yellow,1,blue,1,3105.4626,950.2008,88.6616476453162,11340.7828996059,2871.0186,1022.96747,-0.30880204,376.046165473086,5679.057,107.79062,223.653710302766,10,10,3046.51084362413,-18.1736532568299,31.5932916890532,680.59125275242,4,-17.69305359703,-0.480599659799832
kickEvent450,1135.508159744,1135.508159744,14,yellow,1,blue,1,2972.1462,-494.58597,430.113460994145,18214.5976268057,3039.7954,-562.2309,2.3057203,261.867940694955,NaN,NaN,NaN,9,10,3067.98205925251,9.27707124337649,32.3563700476005,699.534487692072,2,132.108041927638,-122.830970684262
kickEvent451,1222.836282368,1222.836282368,2,yellow,3,blue,1,3141.6865,-2505.2114,716.630670588068,23610.8523266006,3134.9927,-2600.0317,1.2138627,802.291886564826,5609.736,-447.1695,238.276599237257,9,10,3800.79468308566,41.2334270758999,20.6718086887819,265.683521412318,4,69.5492096183548,-28.3157825424549
kickEvent452,1284.620832512,1284.620832512,2,yellow,3,blue,0,3234.501,3540.539,2633.97970334295,148379.436215796,2105.0012,3998.2864,-1.401515,1427.43265427901,5636.536,515.79095,778.532932496675,9,10,4492.59403123875,-52.0067658376054,14.4101383595465,1403.94939297451,3,-80.3008944242776,28.2941285866722
kickEvent453,1755.39536256,1755.39536256,13,yellow,3,blue,1,3864.0596,1039.2739,1776.02454360526,55287.3453993973,3909.5898,951.9421,1.7776499,1685.05146142644,5845.3716,127.667534,199.190790918869,7,11,2375.35926368484,-25.9459342513765,38.5064086947418,572.155298751816,1,101.851836721853,-127.797770973229
kickEvent454,1831.282859776,1831.282859776,7,yellow,3,blue,1,5340.991,2017.5846,755.869292705114,60066.9173755619,5303.191,2104.078,-1.2871971,876.236503815548,5798.372,844.3313,104.100717648901,6,11,2122.48450647776,-71.9112718485733,17.7986026013798,180.658327754936,2,-73.750961231479,1.83968938290572
kickEvent455,14.814803712,14.814803712,3,blue,6,yellow,0,1.9934755,-1.8509199,6163.5934833601,1417173.43265967,145.37625,-0.361245945,3.14033120358979,1052.584495426,-5742.366,0.5885793,59.5158515177544,7,8,6001.99376089721,179.98233088797,342.944053748099,832.824088022108,8,179.927724238933,0.0546066490364469
kickEvent456,227.476212992,227.476212992,0,blue,6,yellow,0,-1423.1002,-764.721775,4305.69498052913,1200509.43824297,-468.82285,-567.3945,3.0011337,1716.39476415489,-5881.5625,-68.200775,63.5393578502119,7,8,4640.34601860672,170.514474481987,338.319547576256,960.052321366129,7,171.952294764481,-1.43782028249393
kickEvent457,1680.290486016,1680.290486016,3,blue,6,yellow,0,-5377.137,-4356.0244,224.500033635608,12286.1045064314,-5091.5454,-4715.965,1.6926918,2378.49955393481,-5878.4155,-914.05774,23.999998699803,6,6,4400.33031602905,98.1374985931636,3.45818234445716,235.324454973044,2,96.9840961564024,1.15340243676114
kickEvent458,1683.623953664,1683.623953664,3,blue,6,yellow,0,-1910.1304,-3098.4595,2426.46084904089,103806.589236067,-1718.0493,-3461.3792,2.3911903,2708.24506225416,-5857.0776,-232.54086,85.3238104271102,6,6,5131.03153548528,142.852659636478,16.0927905501551,1619.36462099087,4,137.005112202621,5.84754743385703
kickEvent459,1690.441167104,1690.441167104,3,blue,6,yellow,0,-4211.088,-3547.927,893.882626191194,40625.0245946556,-4088.939,-3611.7258,2.134996,1044.57538209309,-5881.022,-389.994,37.1442671626016,6,6,3973.41064339857,116.757849215292,12.1330512430301,173.80702215837,3,122.326260077313,-5.56841086202032
kickEvent460,1844.075532288,1844.075532288,0,blue,6,yellow,1,-4224.631,-4514.658,9652.30892257664,1200080.52376721,-4202.4277,-4640.694,1.9734762,1043.91908565754,-5864.8765,-487.97717,136.565741851413,6,6,4851.19283714068,111.467010610085,8.00495529386127,388.076207561041,3,113.071857229516,-1.60484661943011
kickEvent461,2517.899386368,2517.899386368,7,yellow,5,blue,0,-378.01104,-1418.270025,75458.5224426449,79318218.9699221,61.136162,-3948.65785,2.556629275,11033.2984422278,-4485.2104,-24.926636,732.236985481412,7,7,5798.1246735626,165.841307164602,17.1421799510833,1100.26295111651,3,146.484067237092,19.3572399275106
kickEvent462,2646.043476992,2646.043476992,6,blue,6,yellow,0,2329.1401,-1868.8235,3025.17394002348,204512.271115583,1426.4559,-2238.84,0.19751972,3409.23886343898,5859.2427,-142.67094,180.25484701707,7,7,4119.18847342292,26.9805046162981,22.2416540258079,1054.78118406462,4,11.3170463266058,15.6634582896924
kickEvent463,2796.569082624,2796.569082624,7,blue,6,yellow,0,-78.40911,-4115.2912,3887.73986018788,956455.162555675,-116.2764775,-4587.2262,0.70089635,5238.6977467638,5708.1616,-282.20145,158.66685992839,6,7,7340.4822027799,34.0993461854413,11.6485555549396,361.593525238596,4,40.1584027311242,-6.05905654568289
kickEvent464,2842.016871424,2842.016871424,7,yellow,5,blue,0,2865.769,-417.96658,612.159947222726,20498.4775082317,3010.9302,-396.89404,3.1275544,774.735241182458,-4558.274,-48.845676,69.9671880719584,6,7,8875.61581093717,177.300854216392,348.432336424315,376.712309110343,6,179.19566731757,-1.89481310117829
kickEvent465,2860.645009408,2860.645009408,7,blue,6,yellow,0,1424.7839,1944.5077,2438.85236862451,164552.317461346,1332.3958,1888.2644,-0.31140074,2586.16756612752,5794.1436,124.87133,30.7370208225293,6,7,4971.28882253471,-23.0259253891002,19.0100295344528,454.983388262429,3,-17.8419481392507,-5.18397724984951
kickEvent466,3930.804386048,3930.804386048,0,blue,6,yellow,0,-2013.2053,2827.5466,832.676064519028,35820.7818802852,-2192.7412,2677.0132,-0.34452432,1203.04627173155,5697.688,146.85986,59.7516707575546,6,8,8497.4395528959,-19.4359432174262,11.4213701186298,262.663833812061,3,-19.7397894756146,0.303846258188433
kickEvent467,4360.369293824,4360.369293824,8,yellow,5,blue,0,747.2099625,-525.8308,2326.59608765051,1010779.53863963,938.3197075,-607.53855,-3.085326725,2396.93313160483,-4458.149,-126.26541,124.707527569604,6,7,6767.66874989371,175.543771052972,344.89361065571,190.305129243029,6,-176.77619976142,-7.68002918560752
kickEvent468,4364.169572864,4364.169572864,4,yellow,5,blue,0,-668.65308,2831.07155,2087.32154211845,288558.934156972,-502.152475,3692.04735,-1.9169917,1280.45529415553,-4708.229,723.298,399.0467152681,6,7,6036.40837772039,-152.030638830544,15.0748003355949,149.749294260574,5,-109.835533771609,-42.1951050589354
kickEvent469,4687.39731328,4687.39731328,7,blue,6,yellow,0,1023.5396,-2909.9648,3819.58700114642,1674149.79731223,894.2900225,-2885.096975,0.4773484325,4267.12981270806,5745.466,-195.23221,196.229620982882,7,7,5764.81164046209,30.3167859771099,15.4440624482215,120.928366300653,3,27.3500505394355,2.96673543767449
kickEvent470,4832.200259328,4832.200259328,7,blue,6,yellow,0,3257.8872,71.01622,1016.88792483192,31807.154437423,3093.6567,112.53758,-0.13707133,1079.37166903486,5878.615,4.7915783,29.5191008835418,6,7,2743.03224760974,-1.48353500920467,36.3205788481751,161.096644002692,4,-7.85360870124495,6.37007369204027
kickEvent471,4891.658812416,4891.658812416,4,blue,6,yellow,0,800.915075,-2495.098,2914.26142416166,1025720.30198936,629.722975,-2616.68555,0.416332495,4029.15008235418,5737.4185,-187.99324,229.623888007774,7,7,5766.80137398248,25.6368608289843,16.0890725418663,626.440948892951,3,23.8540948376514,1.78276599133288
kickEvent472,18.938939392,18.938939392,6,yellow,0,blue,0,58.08261175,1630.68585,4604.11461837481,96795.7564753286,208.902465,4096.9611,-2.1005719,2050.30315978005,-5590.4053,27.066662,166.298032964945,8,8,6273.71510926165,-164.934478361041,15.7946872512631,479.156690456382,2,-120.353904433776,-44.5805739272645
kickEvent473,61.161033344,61.161033344,6,blue,1,yellow,0,-814.25049,-4366.90275,226.031407347703,38520.8332577367,-1106.38595,-4444.43225,0.69275231,759.494107098262,5848.76,-80.97053,62.8932785243713,8,8,8093.44483940076,32.653721873134,10.7355866763734,801.851400066271,6,39.6917836109385,-7.03806173780446
kickEvent474,352.38144768,352.38144768,5,yellow,0,blue,0,4964.179,4218.427,59.4057342451169,7756.38611795134,5184.5996,3855.8293,3.0938969,1487.65115908502,-5586.58,173.44424,23.905584748691,8,7,11747.6954122232,-158.955956351157,8.18565513875917,354.783172918277,4,177.267234618609,23.776809030234
kickEvent475,423.137638144,423.137638144,6,yellow,0,blue,0,2360.7852,3104.8596,1626.97717804177,20515.7893904966,3276.2385,2806.0305,-2.6144466,1608.72423335495,-5590.9077,198.6827,96.7574028313615,8,7,8918.68164563862,-159.627026993682,10.8212832979974,2079.8943823187,7,-149.796755942328,-9.83027105135464
kickEvent476,431.323334912,431.323334912,6,yellow,0,blue,0,3338.7263,-2437.5137,423.210778605124,12446.407786278,3473.5195,-2383.822,-2.9577413,549.704887705861,-5589.305,-112.840775,64.539804266835,8,7,9651.59478759854,165.371519408714,10.3168700536003,367.909256173014,4,-169.466093381537,-25.1623872097485
kickEvent477,491.46480768,491.46480768,4,blue,1,yellow,0,-1151.9113,-4307.9665,330.995957677038,195265.92137518,-1493.4695,-4238.4243,-0.8400419,2947.92350589809,5845.4463,-70.18791,9.26242246502833,7,7,8349.15628121728,31.062732456256,10.5834906665208,472.760186881903,5,-48.1308554841508,79.1935879404067
kickEvent478,507.566776576,507.566776576,6,blue,1,yellow,0,803.908265,4353.1665,1316.95041693498,596169.757871819,517.996575,4470.23735,-0.80687565,2364.46883207589,5844.737,127.66141,51.9984226110495,7,7,6778.6007328399,-39.955503100613,11.7061328719899,793.603550472906,5,-46.230569336875,6.27506623626202
kickEvent479,767.054621824,767.054621824,9,blue,1,yellow,0,827.73829,4378.10145,2171.15083513669,236665.950655735,570.5965575,4234.825575,-0.82042315,7233.08570921445,5687.2295,252.51927,95.0763347752358,7,7,6776.43442403335,-40.2465068625768,11.6612970118618,668.038158584846,5,-47.0067839098285,6.76027704725169
kickEvent480,816.91098112,816.91098112,4,blue,1,yellow,0,2284.548,-2231.1074,203.233204032924,17893.9619756449,2092.268,-2392.0107,0.45131007,1047.51130946043,5808.8726,129.3022,344.649301970115,7,6,4333.86937904672,30.9845725356148,20.4110032020112,128.721280827841,3,25.8581622627537,5.12641027286105
kickEvent481,904.055232512,904.055232512,4,blue,1,yellow,0,3810.166,-4330.5186,99.720540001987,13110.6467084381,3693.6877,-4652.1357,1.2206101,841.722825465781,5696.496,-734.7737,138.486810526218,7,7,4852.70690362626,63.175427363747,9.83433548165049,796.801253976831,3,69.9358071610414,-6.76037979729433
kickEvent482,985.129746432,985.129746432,2,blue,1,yellow,0,-5074.5244,4309.346,228.424790819674,31042.8930846066,-5328.0215,4351.2227,-0.20464188,1127.00555615242,5846.3813,45.487404,81.1115920841616,7,7,11883.4150661294,-21.2621283885382,8.08059022494312,793.953830048228,4,-11.7251160356227,-9.53701235291556
kickEvent483,1029.598163968,1029.598163968,5,yellow,0,blue,0,1951.3081,3273.1094,649.311914610151,14705.4522001975,2054.3992,3287.3267,-2.734579,934.475998458718,-5588.0156,190.98369,72.2420720770865,7,7,8598.63626661193,-157.625771577207,11.07396582677,378.854529169733,3,-156.679835445105,-0.945936132101823
kickEvent484,1118.541958656,1118.541958656,2,blue,1,yellow,0,1456.2897,1257.1659,420.11954732466,15092.494570028,1278.6495,1372.8816,-0.45545936,712.678579666788,5863.4004,-496.6771,360.602246797747,8,7,4714.42142690372,-15.4658441686647,20.9018479125505,151.415111594385,3,-26.0958990677296,10.6300548990649
kickEvent485,1681.583508992,1681.583508992,6,yellow,0,blue,0,-1107.6226,712.88888,985.005288379395,188205.870768019,-810.29863,749.477935,-2.8573097,2229.65001031161,-5579.2197,66.729744,45.3470214679767,8,6,4944.04360612428,-171.709538595009,339.563728938847,237.067565680842,8,-163.711786571791,-7.99775202321711
kickEvent486,1693.03997312,1693.03997312,2,yellow,0,blue,0,-1289.9765,2074.9688,7593.34583526878,1619865.0605739,-117.470968,3123.2194,-2.45401715,629.382824993717,-5593.507,195.13057,148.89367269232,8,6,5146.82590452851,-156.224436025507,18.2703396843352,1197.28764958186,4,-140.604825547723,-15.619610477784
kickEvent487,1726.244805888,1726.244805888,6,yellow,0,blue,0,2297.565,3463.899,181.019830316599,12030.1204833005,2414.1748,3410.3655,-2.976754,485.527994694121,-5603.589,208.88913,105.527649604621,8,6,8991.5616669979,-157.341429984755,10.5701728867365,250.164744528181,3,-170.555440848686,13.2140108639313
kickEvent488,1731.199651328,1731.199651328,9,blue,1,yellow,0,-2853.1472,-885.667,110.495464495148,14627.8852539458,-2958.1218,-955.3793,1.6240096,705.522515852905,5849.593,-16.60184,61.5091251868761,8,6,8897.33788162262,5.71285044045321,11.4962390032579,675.876835130931,4,93.048895968729,-87.3360455282758
kickEvent489,1831.471436928,1831.471436928,3,blue,1,yellow,0,-1371.419675,548.40011,714.542221262114,153238.858119787,-1587.4131,673.632,-0.13795918,573.879263111041,5817.6035,-277.44147,300.039356330361,8,6,7391.79076446467,-4.2547075682604,13.8471616452256,928.839187763228,4,-7.90447875908564,3.64977119082524
kickEvent490,2022.902673664,2022.902673664,1,blue,1,yellow,0,-3905.1797,4274.065,110.275683123156,13196.2269511942,-4224.115,4356.0913,-0.65702575,822.745034180713,5846.6396,47.53945,54.8940720151522,7,7,10787.9662825538,-23.3401000067793,8.77003210692069,789.963765498709,6,-37.6448025064175,14.3047024996383
kickEvent491,2241.163218688,2241.163218688,1,blue,1,yellow,0,-1706.7882,3761.965,516.560463517866,26571.4699524477,-1922.0885,3665.3818,-0.5001052,615.493864208476,5801.468,257.08627,634.123006972909,7,7,8575.95271797159,-26.0186944755456,10.797644272965,123.742971654959,5,-28.6539172725459,2.63522279700034
kickEvent492,2247.94844096,2247.94844096,0,yellow,0,blue,0,-981.975075,1869.530775,714.596639965014,156665.331627474,-815.2324325,1871.617525,-2.46545985,1749.38484324276,-5591.5635,207.85817,52.5398417521153,7,7,5354.97147206158,-159.566464374037,17.9596774316229,365.894187413713,3,-141.260443963957,-18.3060204100799
kickEvent493,2642.748814336,2642.748814336,8,blue,1,yellow,0,5311.536,2004.3599,96.0991567086516,9211.90649985248,5198.1865,2260.7268,-1.184918,1532.5114493525,5810.477,822.4314,42.2340552370837,6,7,2119.30207569002,-71.0432631789091,18.6041006115673,644.034234495784,1,-67.8908004690825,-3.15246270982664
kickEvent494,2980.937388544,2980.937388544,2,blue,1,yellow,0,233.905195,-2876.8207,103.701211865597,17756.6172350215,105.6549375,-3062.70285,0.39579575,2982.49360845304,5842.023,-90.329445,251.460491975494,6,7,6443.90771505897,26.5155316504726,14.3014744079681,1875.52222274667,4,22.6774260242151,3.83810562625751
kickEvent495,2998.322157312,2998.322157312,7,yellow,0,blue,0,3214.8174,-271.15515,131.39875675565,10923.3179806983,3348.7053,-123.9606,-2.6477115,593.69926301638,-5579.145,-6.0527835,40.4275398798298,6,7,9218.80604149552,178.314501180183,348.85286796584,477.009549033627,6,-151.702694318252,-29.9828045015642
kickEvent496,3006.503597824,3006.503597824,6,yellow,0,blue,0,99.21631,-1049.25595,2197.91810718729,318122.434064939,726.436465,-885.82098,2.7625476,680.331780280884,-5584.2344,-115.685425,237.692733962564,6,7,6188.81068096128,170.238878380812,16.3215987494361,442.191527674675,3,158.282318183995,11.9565601968171
kickEvent497,3081.466390272,3081.466390272,7,yellow,0,blue,0,3937.641,2244.5813,350.12274233095,13687.0128080725,4035.234,2291.6035,-2.6592963,525.518380514536,-5582.452,122.93994,75.2029378844046,6,7,10187.9759450634,-167.272364669926,9.85357206933591,227.254766888134,4,-152.366454464756,-14.9059102051702
kickEvent498,19.07234688,19.07234688,8,blue,1,yellow,0,14.6593113,-12.80708,2141.89633818409,573348.676118044,-171.518725,-17.345669,0.029437898,3123.0393328533,5638.094,-477.31894,750.244159396852,8,8,5985.35439060261,0.12259795225832,17.1026258711111,719.160862785601,6,1.68666731313661,-1.56406936087829
kickEvent499,31.290561024,31.290561024,4,blue,1,yellow,0,3395.1973,-1055.8077,1122.72042045103,68268.84857115,3304.181,-1097.3849,0.52540654,1093.88352080222,5824.145,-842.6333,18.38819270543,8,8,2810.64530051492,22.0642459835324,33.4778357627985,188.021976692221,2,30.1035772705715,-8.03933128703911
kickEvent500,154.591437312,154.591437312,1,blue,1,yellow,1,3812.2427,2010.1533,517.183244555723,48219.0850579487,3701.001,2006.9614,0.37324178,252.188220937126,5845.594,880.84283,18.0201582161927,8,8,2971.02647130654,-42.5773913156932,26.1603489519099,88.4116803438324,1,21.3851787319504,-63.9625700476436
kickEvent501,232.161426944,232.161426944,9,yellow,2,blue,0,-542.4099425,-285.60626,1580.29001182902,858580.342450617,4026.6836,-219.46625,3.121904,518.279715782415,-5881.6265,-12.183736,75.0309324998068,8,8,5465.0581123602,177.004333547669,341.320422886443,349.94556269621,8,178.87192324501,-1.86758969734048
kickEvent502,299.948902912,299.948902912,7,yellow,2,blue,0,3247.4692,-4287.332,133.865919388827,14325.8010681885,3302.4324,-4375.3433,2.20865,378.449341986376,-5885.8354,-84.35745,34.7394759614639,8,8,10192.982992391,155.126514103255,9.17238182296131,776.666459367991,3,126.546323421569,28.5801906816857
kickEvent503,347.506820864,347.506820864,6,blue,1,yellow,0,2859.8198,4298.267,89.9783791074231,12028.9182164288,2702.476,4439.6743,-0.9109107,425.433287937053,5858.5845,910.69946,220.854540203029,8,8,5323.14107381732,-53.8492975766077,11.6041599165161,909.927752387149,2,-52.1913386233075,-1.65795895330022
kickEvent504,372.507099392,372.507099392,2,blue,1,yellow,1,2966.2168,-1377.708,760.483597071897,60292.355118994,-5887.079,-28.891401,-0.15742794,203.016883625173,5613.863,358.5099,421.082495493648,8,8,3331.95435711029,24.4238486795902,27.9500614283335,274.993552187774,2,-9.01995653943875,33.443805219029
kickEvent505,519.207793408,519.207793408,10,yellow,2,blue,0,1269.9742,1320.247,18256.3999799498,35129884.4265568,2422.4443,1293.188,-3.139056,707.785759390648,-5884.7617,39.890495,43.0971972613577,8,8,7388.88198644928,-169.707104674784,13.6742995861955,1555.64416171638,5,-179.854660455218,10.1475557804343
kickEvent506,574.250643712,574.250643712,10,blue,1,yellow,0,5015.274,-2809.8486,616.085908659498,12453.4729390737,4946.6045,-2956.4338,1.4428504,1238.32186765078,5895.7197,-917.8196,26.4473089393212,8,8,2977.40397830022,70.6867232649446,12.4102763736407,565.038911051098,1,82.6692383887626,-11.9825151238181
kickEvent507,994.253648896,994.253648896,10,blue,1,yellow,0,5114.7656,-4271.1675,100.622964266733,11879.679968954,5052.305,-4403.3164,1.3305453,476.552400752636,5898.612,-939.9218,24.4529560682209,8,8,4361.93899040319,78.2907630359992,4.99901255909236,820.951388173727,3,76.234630140968,2.05613289503123
kickEvent508,1488.256077312,1488.256077312,5,blue,1,yellow,0,3619.6433,39.33118,396.695396117916,22844.0541673351,3539.2432,97.974556,-0.54008293,723.794165482676,-5482.463,362.71548,29.0730478644821,8,8,9619.72370502163,-179.765739956267,349.310272405397,101.411099394203,8,-30.9444724760595,-148.821267480208
kickEvent509,1787.21350656,1787.21350656,4,blue,1,yellow,1,-3919.7104,-745.3026,674.827005355801,19419.8323027453,-3878.9578,-836.107,2.0240896,772.996738394967,-5717.9033,-775.8177,294.075645149823,8,8,2209.76939643822,160.288988609677,317.406620413645,123.904535453106,6,115.971791436323,44.3171971733543
kickEvent510,2154.819651584,2154.819651584,9,blue,1,yellow,0,-4682.632,2277.6409,382.544933168293,19879.419125822,-4727.424,2359.5217,-1.3319007,298.748393592597,-5746.74,675.01886,58.8841569465089,8,8,2631.1796815833,-120.044720849718,21.2011784255393,797.242042295017,1,-76.31228884052,-43.7324320091975
kickEvent511,2174.048418816,2174.048418816,0,yellow,2,blue,0,-4970.083,4272.2583,305133.553415826,41339032.8325715,-5145.3936,4473.1655,-0.44102138,803.440695157478,5887.3735,65.56839,64.9959944054112,8,8,11772.6340301909,-21.2782423638706,8.15560751736131,1155.90860143141,4,-25.2686637490353,3.99042138516466
kickEvent512,55.805713664,55.805713664,4,yellow,5,blue,0,2434.0232,-1866.2977,490.627949043248,28863.5217970182,2480.3704,-1947.4203,1.8330687,321.261791074352,4910.687,-570.8056,1489.14190120698,7,8,4024.83013842367,27.6258630389694,22.640696358454,788.354492331419,2,105.027100067532,-77.401237028563
kickEvent513,239.791968768,239.791968768,4,blue,0,yellow,0,2635.3992,157.7727,971.217203851816,29761.841430733,3110.7131,509.91113,3.0832121,1761.81527516784,-5733.8003,1.2824233,104.921072954497,7,7,8636.84036950006,-178.953296312421,348.103882760719,1575.93526837303,7,176.655040673668,4.39166301391156
kickEvent514,270.292525312,270.292525312,1,blue,0,yellow,0,2381.1816,76.46131,2674.08390731341,46557.9320064415,2107.1707,1598.4515,-2.6711586,2119.98437073764,-5703.189,15.328076,466.694369559196,7,7,8381.53037005209,-179.477306538019,347.742740041805,324.548125351066,7,-153.046114190074,-26.4311923479457
kickEvent515,355.821666048,355.821666048,14,yellow,5,blue,1,4620.9717,2292.9963,990.77635769367,24156.7661461258,4485.2065,2334.2363,-0.43285814,968.136415739814,5051.228,-183.16942,3147.68228167005,7,7,2675.73374684676,-58.9769259740901,21.3521833061588,1393.83855621439,0,-24.8009445498829,-34.1759814242072
kickEvent516,629.908524544,629.908524544,2,blue,0,yellow,0,1675.8835,-1055.7261,1395.71524640739,101524.14272971,2049.7864,-959.4602,2.8027346,2289.85210984104,-5686.753,-66.08397,29.3424749326848,6,7,7748.14462331425,172.168783472885,13.1319271389912,671.386307091141,3,160.584863675287,11.5839197975983
kickEvent517,664.018476288,664.018476288,12,yellow,5,blue,1,3858.652,-2372.0117,1485.94273030326,64007.8144938363,3766.8564,-2387.8726,0.4028764,1774.12115012522,4836.7983,-1436.245,354.808537190148,6,8,3195.5923961045,47.9256626945481,22.2919804643888,472.50782016882,2,23.0831173854244,24.8425453091238
kickEvent518,706.780937984,706.780937984,9,yellow,5,blue,0,2738.7947,-802.59705,4033.71342832513,277694.591933896,2224.1753,-2313.3916,0.74856067,449.145289831268,4434.76,-134.62773,744.554083934837,6,8,3358.51485532174,13.8259810035379,29.2787351081785,849.208922191491,3,42.8893671004852,-29.0633860969473
kickEvent519,994.011448576,994.011448576,12,yellow,5,blue,0,3567.7004,741.8407,5176.50499570089,190013.161385176,4326.0874,4038.6829,-1.4563006,742.210253020581,5574.364,-152.49355,2215.21718097459,5,8,2542.91348030889,-16.9614757604118,37.7403698570901,1613.73902429789,1,-83.4398780823695,66.4784023219577
kickEvent520,1035.339433984,1035.339433984,15,yellow,5,blue,0,1791.5815,-1434.9982,755.686628336882,25271.0958854691,1872.771,-1491.258,2.778546,444.211196846879,4436.5283,-531.1604,139.858886437683,6,8,4446.3475016181,18.828491928997,21.7783527828377,450.69262740725,4,159.198958982957,-140.37046705396
kickEvent521,1039.596566784,1039.596566784,12,yellow,5,blue,1,2968.8027,-92.65691,4026.28305166032,47167.3418097771,3236.3606,3003.0366,-1.6432507,1222.15114145941,4860.796,-938.57605,1521.17466485686,6,8,3032.61312641392,1.75085841615002,33.0467825020205,1004.06317942637,2,-94.1513297919182,95.9021882080682
kickEvent522,1090.540464896,1090.540464896,2,yellow,5,blue,1,4751.945,-2692.13,3176.15713644153,194574.814199677,4822.415,-2747.2573,2.4280972,156.727911774019,5320.152,-937.5237,1191.52822664827,6,8,2967.35660477891,65.1278494509254,15.6943423772166,1844.31625890157,1,139.119721807533,-73.9918723566071
kickEvent523,1153.025657856,1153.025657856,4,yellow,5,blue,1,3120.7732,-620.76245,6966.68832124825,247948.953451279,3240.8174,-574.0551,-2.8471093,391.542014789162,5158.897,-287.04138,503.449460272086,6,8,2945.38503173494,12.1667566005786,33.3817339141088,657.31532458439,1,-163.127346702446,175.294103303025
kickEvent524,1576.440112896,1576.440112896,15,yellow,5,blue,0,-4190.269,-1800.5812,2116.85988369336,85286.5192074153,-3104.8972,-1435.5168,2.7980072,1495.4668451411,-5170.685,-1389.5698,1636.47652713058,6,8,2552.8844372894,135.145207331653,29.7164768406313,493.889086350903,1,160.314003607217,-25.168796275564
kickEvent525,1603.883856384,1603.883856384,14,yellow,5,blue,1,-2383.6228,-249.78705,3542.73708658684,128628.995683645,-2368.9258,-156.91174,-1.6022232,760.232727536551,-5320.8745,-433.08002,1492.37132153334,6,8,3624.99346523929,176.048794600632,332.169819749714,1144.11636128512,6,-91.8006271979452,-92.1505782014231
kickEvent526,1764.285887488,1764.285887488,10,yellow,5,blue,0,-4032.4922,2732.064,1100.22087350274,37847.9710649565,-3956.5974,2787.7317,-2.371705,1198.56042788411,-4978.1504,1491.6113,567.922912517976,6,8,3366.78788211506,-125.759711477209,18.5969315238873,228.431772564874,2,-135.888686750075,10.1289752728657
kickEvent527,1776.6722848,1776.6722848,7,blue,0,yellow,0,-173.6901825,-2206.8021,12191.3813183358,20563481.2588833,-786.18715,-2087.64645,0.397894535,23918.3853597098,5632.7817,-180.85838,109.7858240858,6,9,6556.25090871767,19.6695659518791,14.7614878396472,1083.90715852603,3,22.7976775468204,-3.12811159494135
kickEvent528,1876.60184064,1876.60184064,2,yellow,5,blue,0,-1892.4305,27.632687,3320.3761754622,185069.790468619,-1916.1494,119.71214,-1.1473984,711.054958881337,-5283.443,-366.6946,985.666976008122,5,8,4107.66244508006,-179.614562222576,335.283748139442,1623.43777413433,5,-65.7410857400634,-113.873476482513
kickEvent529,1885.58782208,1885.58782208,12,yellow,5,blue,1,-3984.382,-1852.988,310.315724464594,11586.2755807041,-3968.7424,-1982.8209,2.5419896,549.97284383747,-4123.319,-1654.949,874.510563942226,5,8,2737.93360950699,137.407205443197,28.4851621945261,138.647368829307,1,145.645275646148,-8.2380702029515
kickEvent530,1962.98828288,1962.98828288,1,blue,0,yellow,0,-155.37968,235.716445,5029.11818968876,3122897.53556437,-500.55384,62.63916,-0.0916482395,8084.38840199209,5715.92,29.904085,143.113219420422,6,8,6159.8913340578,-2.19303474041283,16.6134313405497,590.291495804607,3,-5.25105732315416,3.05802258274133
kickEvent531,2048.776733952,2048.776733952,15,yellow,5,blue,0,-3036.5498,-1434.2762,2153.11411625811,25259.5618045447,-2549.8132,-2718.3696,2.501183,111.280701028644,-4906.9185,-511.0362,980.246386549206,5,8,3292.2918014305,154.173545726165,28.0071163761921,872.642957250604,1,143.30722968987,10.8663160362948
kickEvent532,2069.94872192,2069.94872192,10,yellow,5,blue,1,-3367.3745,-965.1223,418.559837888638,32493.3468616995,-3289.6572,-892.971,-2.4483733,779.969664779341,-4787.5947,-601.4961,1400.53550869723,5,8,2803.95757407411,159.867029308925,33.8992102134008,755.155538102774,2,-140.281456762518,-59.8515139285576
kickEvent533,2146.635102464,2146.635102464,10,yellow,5,blue,1,-1817.9261,-774.58185,3442.00223810342,110827.116760845,-1792.4612,-972.67975,1.6531993,188.330898443619,-6032.9634,656.09436,30.0473997888676,5,8,4253.2010471421,169.506884187413,336.460143049313,3162.71879481517,2,94.721342583982,74.7855416034308
kickEvent534,2334.6180032,2334.6180032,7,blue,0,yellow,0,1391.0986,-4296.494,785.786459633472,39276.9465811354,1032.36275,-4410.96765,0.6548122575,3295.60428576955,5596.097,-472.8531,45.5535052659658,6,8,6300.93904167926,42.9908485396352,12.0413044116441,117.948751480505,4,37.5179787281837,5.47286981145146
kickEvent535,2409.4397312,2409.4397312,15,yellow,5,blue,0,-1976.8699,1366.5027,4984.65682705585,371921.332608194,-513.12401,94.290225,2.86069735,1446.32213571279,-5136.02,384.33188,1171.42022340657,5,8,4248.87107719607,-161.239349721258,22.781315140716,1513.4661038615,1,163.905884619259,34.8547656594835
kickEvent536,2447.025316352,2447.025316352,12,yellow,5,blue,1,-3238.882,953.481,1380.84159553175,55693.8436655346,-3214.0522,853.3301,2.0389175,2231.88224753122,-4561.36,428.42828,372.31567856526,5,8,2921.11256669184,-160.948965259245,32.7629972433199,951.032783751045,2,116.821367525365,82.2296672153897
kickEvent537,226.689748224,226.689748224,7,yellow,2,blue,0,-3310.3171,-1427.5233,2402.22317570002,27583.0498366434,-3585.2356,-2738.7747,2.2815714,581.590258245714,-5804.3413,-106.42637,358.598940867517,8,8,3045.03150633869,152.043302990762,29.7748678315195,921.028467686998,2,130.724411877755,21.3188911130076
kickEvent538,1427.671022848,1427.671022848,1,yellow,2,blue,0,1272.1582,-3175.1536,1513.49231895586,94037.9113596097,1353.1794,-3235.5195,2.810189,1140.52346157138,-5682.7314,-169.6247,62.2313910567276,8,8,7935.10461616104,156.413062545692,11.8925728982816,578.362478057299,4,161.011969334089,-4.59890678839721
kickEvent539,1603.87228672,1603.87228672,14,blue,6,yellow,0,1741.5381,-2511.7454,789.402092717094,14120.1081678926,1563.091,-2537.309,0.10724859,1571.15988227629,5811.2476,-181.52522,31.5174790321479,7,8,4944.02292755331,30.5331477139693,17.9699229212218,2725.26796776849,2,6.14489156572897,24.3882561482403
kickEvent540,1625.429636352,1625.429636352,14,blue,6,yellow,0,5744.0913,-4228.0205,93.3376114067693,14395.5014047621,5740.5,-4394.959,1.5100871,345.489635139617,5879.5386,-901.70886,19.3406448195796,7,8,4235.75809167095,86.5362934322629,1.54019764086746,812.029741049144,2,86.5216175271499,0.0146759051129884
kickEvent541,1687.95839488,1687.95839488,14,blue,6,yellow,0,5762.728,-4304.4463,103.4695089801,13191.25260466,5739.266,-4444.8604,1.5396234,383.322570687222,5877.531,-901.24585,63.8950254493645,7,8,4310.98085724904,86.844904274388,1.37644641602404,819.617255085744,3,88.2139228595822,-1.36901858519416
kickEvent542,1744.187785728,1744.187785728,14,blue,6,yellow,0,5690.971,-4205.917,88.6235630534616,13830.6107206791,5665.1387,-4352.682,1.511435,298.832806433635,5877.8716,-901.4589,30.7728518342555,7,8,4217.25464416485,85.7977539938714,1.87682233209439,791.402350232858,2,86.5988465083556,-0.801092514484152
kickEvent543,1808.217709568,1808.217709568,7,yellow,2,blue,0,2683.7075,-3064.6702,753.788009453709,21540.2832667964,2810.7515,-3193.0425,3.0783205,766.991434768329,-5707.0547,-142.77075,46.1867740458688,7,8,9208.63613030314,160.560949351167,10.542359745606,405.762141190636,3,176.374772638601,-15.8138232874345
kickEvent544,1968.446332928,1968.446332928,4,blue,6,yellow,0,5756.4644,-4253.7725,105.007323073027,11866.1527434122,5669.167,-4536.5015,1.6419189,520.159597947708,5878.819,-901.8099,39.4152836447115,7,8,4260.73820719176,86.7232976130071,1.44783352250103,871.697390037311,2,94.0750232727627,-7.35172565975559
kickEvent545,2443.596573696,2443.596573696,7,yellow,2,blue,0,-3670.5693,1842.1981,4616.94538663408,325890.060333176,-3320.4292,1420.9995,2.268027,821.289846707283,-5914.0874,-3.2720168,23.0495486236931,8,7,2969.83858580666,-141.66177691152,27.630771885861,2905.01866035821,1,129.948374921718,88.3898481667627
kickEvent546,2588.463618816,2588.463618816,9,blue,6,yellow,0,1619.7244,2050.1404,387.954544160882,30808.5948055467,1549.7449,2107.0518,-0.8747384,435.533463459246,-5700.285,110.19271,22.4434583662437,8,7,7890.70818061773,-164.940794096931,12.5814126686283,413.38649563538,3,-50.1188184980264,-114.821975598905
kickEvent547,2747.07143552,2747.07143552,1,yellow,2,blue,1,-984.81036,-3360.818,1485.93369080064,24969.9833476796,-1165.9138,-3387.9343,0.44972828,1760.18196532216,5664.716,-199.5475,278.05722523388,7,7,7751.30140004163,25.695043127707,11.9758247081423,955.760370389275,4,25.7675323716777,-0.0724892439707027
kickEvent548,2835.077746176,2835.077746176,1,yellow,2,blue,1,5114.0186,-2884.342,750.656913812192,44061.6033300701,5051.4336,-3010.0137,1.174563,1054.6060720005,5788.025,-839.9945,111.916177777647,7,6,3017.34847409277,72.9246479441623,10.883469801913,919.388992901791,2,67.2975026722245,5.62714527193775
kickEvent549,3292.979444224,3292.979444224,4,yellow,14,blue,0,-490.38315,2150.0415,824.625241520314,45274.5896327453,-663.5068,2150.5173,-0.2635625,763.7938116336,5807.625,60.958145,141.015982546634,7,6,6837.23276520013,-18.3282642247663,14.2687299517595,476.511181748416,3,-15.1010188879168,-3.22724533684958
kickEvent550,4404.651969792,4404.651969792,9,blue,6,yellow,0,-2424.4504,2068.7622,344.164466534579,49947.3321517879,-2504.497,2115.0227,-0.72490793,449.14077277236,-5880.876,166.16753,80.4088354037765,5,5,4130.89965772699,-149.946935688318,21.6013529253408,335.818193599632,3,-41.5341649245649,-108.412770763753
kickEvent551,4433.466913024,4433.466913024,9,blue,6,yellow,1,-1970.4313,1019.2987,200.122703791437,23520.9945475464,-1835.5238,1033.0541,-2.7361066,225.490077325502,-5878.508,65.92162,31.8323439541021,5,6,4156.4881508121,-165.804529352109,23.7728420918005,1312.60736819837,2,-156.767360477889,-9.03716887421972
kickEvent552,95.201271808,95.201271808,0,yellow,5,blue,0,4133.1206,4291.9146,100.309974503783,7977.34177177304,3936.112,4329.06,-0.9931098,551.486728677629,5815.968,238.96338,509.52880057521,8,8,4680.35998912878,-66.4921210801561,9.05070800338734,2032.85117163712,1,-56.9010001330813,-9.59112094707483
kickEvent553,191.057811456,191.057811456,4,blue,7,yellow,0,5681.847,-4507.5947,802.445823991078,57943.1473893668,5776.809,-4476.0493,-2.6746573,541.901959302346,-5843.628,-44.69761,41.8749365962761,8,7,12521.3401563442,158.900234393458,7.67792757770685,1919.09598066023,4,-153.246574933856,-47.8531906726856
kickEvent554,388.759817728,388.759817728,6,blue,7,yellow,0,1540.0319,1596.8729,385.976495254498,21465.198931277,1655.6912,1621.6854,-2.6673646,552.724598441707,-5845.7246,26.030148,28.6292108197638,7,7,7707.27475258097,-168.042250215948,13.0417789199715,779.384726041607,3,-152.828734002601,-15.2135162133472
kickEvent555,443.384294656,443.384294656,6,blue,7,yellow,0,4943.448,-4289.3213,64.8723158629783,8040.80818812887,5130.1313,-4390.7017,2.8189795,352.39393295854,-5183.4043,-180.91333,777.792716334309,7,6,11754.0346836028,158.597136551879,8.16164377410615,1946.66458771872,5,161.515627883899,-2.91849133201961
kickEvent556,586.199541248,586.199541248,7,blue,7,yellow,0,-5767.4326,-4333.0356,137.371308098111,18600.7823513362,-5721.631,-4536.35,1.6337261,250.269801648085,-5600.2847,-1000.85516,8.38872255794594,7,6,4339.27241670883,93.0722934433841,1.33084753424406,817.027669503671,3,93.6056104103679,-0.533316966983773
kickEvent557,769.51721728,769.51721728,6,blue,5,yellow,0,1581.0762,-1583.6512,973.52576648409,15279.3778557062,1597.7322,-1691.4622,2.0216799,1007.93965524155,-5848.5024,-62.42806,550.886099741777,7,6,7744.71868265516,168.200855485975,12.9864965538392,286.242965524954,2,115.83372579643,52.3671296895451
kickEvent558,899.53250304,899.53250304,6,blue,5,yellow,0,2209.9165,542.9223,1867.50852328946,59044.7150940316,2274.8662,241.40741,-3.0831828,3531.54260032655,-5843.697,28.759665,82.0335296398405,7,6,8227.84865932824,-176.216535305808,347.541443044191,1635.35686868165,6,-176.653361907328,0.436826601519903
kickEvent559,925.703638272,925.703638272,2,yellow,2,blue,0,-4091.0215,-4351.391,172.070988991443,22983.8261878401,-4208.587,-4373.184,0.16728522,201.113079847438,5885.3877,-75.16558,48.1712874445501,7,6,10989.2364861415,23.3263878553183,8.61055551243265,2544.25494164265,5,9.58473708091747,13.7416507744008
kickEvent560,1439.085576448,1439.085576448,10,yellow,10,blue,0,-2518.1355,-2371.0303,5181.2239664079,137104.015380578,-2289.6165,-272.09625,-0.7883842,2963.27731999213,-5885.0615,-190.73637,29.2050089904704,7,7,4212.50104805665,145.746479385249,20.3084761846239,890.50158155476,2,-45.1710872947978,-169.082433319953
kickEvent561,1602.680762368,1602.680762368,0,yellow,10,blue,0,-225.908025,-723.89722,911.724919579747,177174.664627501,126.81326,-897.80298,2.4208622,1187.44364158033,-5885.067,-26.889893,53.1949483265561,7,7,5819.29251033862,172.854118059007,342.545060384039,175.141333388764,7,138.705186842755,34.1489312162515
kickEvent562,1994.692977664,1994.692977664,4,blue,5,yellow,0,-1942.0548,1638.5743,193.24976085403,15030.8753566257,-2076.6953,1505.2072,0.18830442,416.084984427658,5846.4927,25.621664,84.0882162825389,6,6,8109.32550726776,-11.6574769082699,12.4128399684895,414.881833556074,5,10.7890485296588,-22.4465254379287
kickEvent563,2282.725829632,2282.725829632,9,yellow,10,blue,1,-4343.1465,1665.0846,5651.12271836302,358892.107193157,-3623.1733,-835.7681,2.5458412,1695.73517231748,-5902.6016,394.18347,266.666797586821,7,7,2348.97216791077,-134.858032777429,32.3544947339161,699.646577271561,1,145.865956070521,79.2760111520501
kickEvent564,2653.686811648,2653.686811648,7,blue,5,yellow,1,2471.6836,258.07602,449.890705070567,27123.9008426419,2474.6377,158.41267,1.7170763,1125.57534697909,5867.792,42.89767,276.640011000279,8,6,3537.74219674187,-4.18340631732261,28.4823676843128,1595.37944165488,2,98.3812250919392,-102.564631409262
kickEvent565,36.70258176,36.70258176,7,blue,6,yellow,1,-2185.837,2672.3972,600.568831086579,14365.9321423058,-2077.367,2747.1772,-2.5069122,625.511730738832,-5827.1016,284.42865,46.1784450787257,11,11,4657.20368731461,-144.982953395239,18.2016044713348,972.751127107407,3,-143.635488669856,-1.34746472538317
kickEvent566,286.261647104,286.261647104,9,yellow,0,blue,1,4616.837,455.84845,4185.79330578738,207620.255207634,4551.859,2159.7083,-1.1717286,847.252940392716,5680.0547,-235.95929,1739.88001353509,11,10,1456.34394767733,-18.2406477515232,62.2311388129487,1268.47539460456,1,-67.1351035147726,48.8944557632494
kickEvent567,595.404568832,595.404568832,8,yellow,0,blue,0,2806.2747,3226.0981,1617.58478261374,48701.4334662415,2874.6648,3292.6003,-2.269448,426.246474838529,5625.76,410.31015,203.139335638321,11,10,4539.558375292,-45.2889190206833,16.1919235044064,1118.69620774658,3,-130.029792224406,84.7408732037224
kickEvent568,843.648651776,843.648651776,0,yellow,0,blue,1,4564.242,-1848.266,372.50330670092,34863.2726530495,4538.738,-1936.5564,1.1833296,386.419049113693,5681.4272,-587.59344,127.486899597797,11,10,2340.40343558968,52.159456465999,28.9730750428173,540.194895710798,1,67.7997918529039,-15.6403353869049
kickEvent569,896.615023104,896.615023104,14,yellow,0,blue,0,2114.2407,-1893.231,4440.28991297775,307546.86156359,759.88513,-2266.6226,0.44411784,1476.08319275772,5684.963,-560.8412,726.752391884474,11,10,4322.43553530848,25.9764051935045,21.371757746274,1319.96094843512,4,25.4460778384664,0.530327355038109
kickEvent570,928.734019584,928.734019584,14,yellow,0,blue,0,3102.734,192.29614,910.565895831015,40078.177144634,3094.3623,291.84702,-1.6470816,230.275486523119,5583.23,2.2989073,265.7565193989,11,11,2903.64048742521,-3.79724244764765,34.3835335327628,953.266989714837,2,-94.3708241936549,90.5735817460072
kickEvent571,935.020480768,935.020480768,14,yellow,0,blue,0,2913.7048,207.52939,146.364183135741,17633.5206493343,2985.0222,147.14613,2.383436,536.118278918548,5579.9688,37.779358,18.7542570234098,11,11,3093.26470080671,-3.84690534736949,32.3867240358572,260.786756933143,3,136.560823539543,-140.407728886912
kickEvent572,1238.793759744,1238.793759744,2,yellow,0,blue,0,892.0345,-641.9195,1808.4227950712,55272.2418797788,844.3348,-561.1255,-1.1513427,236.685820533498,5592.254,-148.62897,240.722396136127,11,11,5148.14259647793,7.16282710639399,19.6896791556036,1009.57607929128,3,-65.9670774831969,73.1299045895909
kickEvent573,1256.307618304,1256.307618304,12,yellow,0,blue,1,2505.2869,-521.2639,1328.41056855896,78482.3074966171,2478.8408,-429.85464,-1.1236018,1460.05421307138,5585.168,-56.490124,295.771963843013,11,11,3533.3745491746,8.48357004374854,28.3163044190912,145.350893155736,4,-64.3776409933024,72.861211037051
kickEvent574,1354.437597952,1354.437597952,14,yellow,0,blue,0,2277.2322,-1416.9946,671.86568896863,44590.9410167964,2177.2893,-1435.5101,-0.043687157,576.631990987611,5591.9976,-218.08896,273.464909295361,11,11,3983.32446445755,20.8382924184813,23.9912022734673,236.992393770454,3,-2.50308971502541,23.3413821335067
kickEvent575,1357.594084096,1357.594084096,2,yellow,0,blue,0,1850.6864,-236.03091,2181.70016182347,131270.108666558,1261.6925,609.81995,-0.020959063,1857.03752376466,5588.4663,-93.045204,237.700434314084,11,11,4156.02140774327,3.2557232078867,24.402993046757,647.651524800916,4,-1.2008658524488,4.4565890603355
kickEvent576,2197.827015168,2197.827015168,2,yellow,0,blue,0,1436.1224,-804.8594,475.129984621435,19860.0554294209,1517.4464,-852.48114,2.633585,403.111363468795,5571.92,-96.1289,222.519859848314,11,11,4634.30441399247,10.0015175939157,21.6776668240273,582.605359398206,5,150.893305488961,-140.891787895045
kickEvent577,2226.428026368,2226.428026368,0,yellow,0,blue,0,3975.6548,2013.8851,3825.40269783888,272104.924700513,3824.3376,2546.6619,-1.6581475,3205.79193083104,5563.554,73.0351,865.912124418996,11,11,2855.4696084471,-44.8515888895901,26.3898191975723,1231.95579367746,1,-95.0048535601687,50.1532646705786
kickEvent578,2463.328310784,2463.328310784,10,yellow,0,blue,0,1332.5316,-67.87511,1325.6799446797,33459.3136117062,1335.6345,24.879622,-1.5852572,1237.46630725687,5576.929,15.0058975,63.0258013750723,10,10,4667.96189953989,0.833146129737281,21.8237619669739,1020.51047855127,3,-90.8285470027263,91.6616931324635
kickEvent579,2558.586558464,2558.586558464,10,yellow,0,blue,1,3783.0796,524.9118,2789.81724762848,53091.1462972225,4751.6436,2016.1353,-1.5296487,906.01651117825,5621.276,-67.77728,310.385866935815,10,9,2278.21606914608,-13.3209021351589,42.3337503255187,982.054931973557,1,-87.642414647673,74.3215125125141
kickEvent580,2649.600290048,2649.600290048,2,yellow,0,blue,0,3275.6921,2751.5215,2300.53498545396,44805.3471352313,3220.6763,3435.3215,-0.9155154,2069.54208848785,5597.339,358.8465,376.646303308086,10,10,3872.04391748914,-45.2847443692576,19.0731057709958,749.188759649883,1,-52.4551684992314,7.17042412997373
kickEvent581,2653.715323392,2653.715323392,9,yellow,0,blue,1,2913.854,-63.47768,840.995420587839,35406.8183200902,2784.8428,-129.6331,0.21220863,851.612205232763,5596.1836,38.32938,150.686270438637,10,10,3086.79875423944,1.17832739888519,32.5040958776261,212.731057035446,2,12.1586588752533,-10.9803314763681
kickEvent582,2872.930828032,2872.930828032,6,blue,6,yellow,0,315.854,4230.8516,72.0119051082596,10721.9070721703,490.71707,4459.7446,-2.5586236,626.36020444008,-5821.6284,213.06752,33.1850528254453,10,10,7601.98112405829,-146.182739749788,11.2833545564383,657.39340506654,4,-146.598333642569,0.415593892780939
kickEvent583,3010.388350976,3010.388350976,15,yellow,0,blue,1,3954.7517,-35.86528,442.780738229517,24811.5943552138,3865.309,-112.81387,0.35189036,595.345693429469,5616.5347,-403.81268,430.407035423916,10,11,2045.56274090099,1.00463038067931,47.4923672963546,448.881283421145,1,20.1618324793392,-19.1572020986599
kickEvent584,3057.531995136,3057.531995136,15,yellow,0,blue,1,2841.9387,597.4582,1965.9363822799,107790.967497056,2035.2487,903.0837,-0.1430774,2690.35100732815,5789.22,-706.6602,855.880873349147,10,11,3214.07956891315,-10.7128978265981,30.8411358822818,1152.91014683522,2,-8.19773116370508,-2.515166662893
kickEvent585,3411.048128768,3411.048128768,14,yellow,0,blue,0,4444.9214,-1895.7256,550.327066537961,26511.5778186147,4522.3374,-1952.6257,2.4664059,703.941483077267,5724.346,-587.248,356.083629064302,11,10,2451.94718594698,50.6377019828942,28.2840205570037,507.150659146609,1,141.314648636165,-90.6769466532712
kickEvent586,39.754907136,39.754907136,11,blue,6,yellow,0,-1060.5746,2724.6948,4962.55549627083,281857.561298349,-68.0046725,2704.0675,-2.86638505,1001.88605565448,-5850.733,433.42715,216.827355452525,8,8,5641.08899374156,-151.11791300214,15.9973551813432,1357.23785157785,4,-164.231765824395,13.1138528222558
kickEvent587,284.844704,284.844704,3,yellow,1,blue,0,-2139.028,582.7275,1061.44747681569,39064.7024893945,-2238.5593,604.2078,0.018728053,874.286853098506,5774.625,765.5576,221.220329073234,8,8,8159.86201623779,-4.09520050193736,12.5569877422918,346.143696241546,4,1.07303839539732,-5.16823889733468
kickEvent588,318.873705472,318.873705472,8,yellow,1,blue,1,4812.0425,-2445.917,241.534442192614,13630.4355433458,4645.217,-2432.736,0.9112344,942.133527568906,5688.279,-642.36584,59.9420003699314,8,8,2719.14563653646,64.0946164997131,17.9931709656355,197.659675032744,1,52.2098852671359,11.8847312325772
kickEvent589,469.504317952,469.504317952,8,yellow,1,blue,0,-2981.275,1995.2545,1230.12733688353,84530.188568176,-3431.4307,1685.9102,0.736918,802.689686041793,5401.8906,49.458584,1279.35505170709,8,8,9200.23592878983,-12.5252550080975,10.9147250084136,399.13590218006,4,42.2222912472216,-54.7475462553191
kickEvent590,562.034584064,562.034584064,5,blue,6,yellow,0,-1589.0387,-114.37763,207.202419576537,20448.4335713053,-1410.0092,-56.903057,-2.7405999,573.858379330756,-5846.691,-7.0856137,16.9244561533058,8,8,4412.44397498054,178.514635057624,336.950132346414,474.780576920864,7,-157.024807603975,-24.4605573384005
kickEvent591,567.448596224,567.448596224,8,yellow,1,blue,0,-3231.641,-523.89044,320.207253733495,25743.5903176965,-3443.536,-533.0483,-0.2486289,504.506166255728,5558.22,614.38367,568.912134686877,8,8,9246.49429492088,3.24801953780546,11.1012352721899,275.237423441214,4,-14.2453866349802,17.4934061727857
kickEvent592,696.391142912,696.391142912,10,blue,6,yellow,0,4503.656,2290.402,198.489402468939,18501.8585483647,4583.5986,2248.4968,2.6643004,320.100276230775,-5846.6924,53.474197,88.1404461022741,8,7,10750.4758354196,-167.698778226655,9.35515875676563,110.297234155712,3,152.653168275017,39.6480534983279
kickEvent593,746.451544576,746.451544576,4,blue,6,yellow,0,-875.2794,1400.5342,2532.9292304723,173644.04696203,-447.02094,1985.6229,-2.8280008,160.687212443243,-5772.386,379.286,1434.35108946094,8,7,5312.65068242153,-164.714883026613,18.5973344784723,2801.50746950141,3,-162.03251029962,-2.68237272699234
kickEvent594,752.92989504,752.92989504,9,blue,6,yellow,0,2700.74515,983.561005,949.117650702334,29897.2642536182,2999.99685,1218.3613,-3.0937549,2604.24097446387,-5820.886,694.0161,809.224256887632,8,7,8756.16116890302,-173.550474985654,11.6648102021506,3693.06950670905,5,-177.259098617918,3.70862363226391
kickEvent595,1150.769476736,1150.769476736,8,yellow,1,blue,0,-3686.5537,239.669175,662.946271162783,23363.4965718532,-3784.08485,246.46659,0.128159175,705.623592914694,5249.9688,-76.75915,1299.05621026572,8,6,9689.5182489342,-1.41734939582883,10.610082841573,124.226184611774,5,7.34297983337853,-8.76032922920736
kickEvent596,1263.418317696,1263.418317696,12,yellow,1,blue,0,-148.2300175,-2607.355475,2624.58724567115,492103.671326062,-361.1059,-2509.8674,0.28772908,1762.23753433336,5595.524,-180.66707,464.908314629433,8,6,6678.25088785234,22.9809408727881,14.1833789092709,389.561932804677,5,16.485661927182,6.49527894560612
kickEvent597,1593.665273344,1593.665273344,12,yellow,1,blue,0,100.5154725,-4309.5243,1101.31219811943,254552.468368891,-29.857153,-4324.703,0.01250441565,1165.26464312396,5857.0586,-881.7786,55.5504388913889,8,8,7305.8823821974,36.1478171457488,11.4208667623933,4121.66872108546,5,0.716450242022336,35.4313669037265
kickEvent598,1821.825637632,1821.825637632,4,blue,6,yellow,0,-1148.9976,-3058.29,180.037745655682,11573.0433138223,-1014.924,-3005.3062,2.5557542,463.626930314145,-5846.246,-129.13394,174.681625354146,8,7,5734.57600951507,147.770825409343,15.2284773521935,2429.44795162943,6,146.433929132834,1.33689627650893
kickEvent599,1836.153880832,1836.153880832,2,blue,6,yellow,0,-2236.891,2572.702,5182.05360674499,344263.466324907,-682.45953,1489.5399,2.6117702,214.285090253507,-5672.471,538.11,573.532209789483,8,7,4558.48493763937,-145.640991011985,18.7365378054355,1777.34868570552,3,149.643409518039,64.7155994699758
kickEvent600,1964.538554112,1964.538554112,8,yellow,1,blue,0,4511.095,264.55347,3879.92695100958,90609.5633356157,4743.506,-2372.6875,1.0958413,929.742386166822,5717.5527,808.0729,865.731965624901,8,7,1512.22572306982,-10.0753474403545,61.1430930218422,514.179574335978,1,62.7870815061295,-72.862428946484
kickEvent601,1977.967647488,1977.967647488,10,blue,6,yellow,0,3475.7776,-276.09293,254.309460689741,21252.9483322383,3537.8345,-178.68903,-2.6616437,602.405899019533,-5860.7383,216.63483,1094.81011856238,9,7,9479.79896573011,178.331061987751,349.157826277661,1133.15600598225,7,-152.500950577585,-29.1679874346641
kickEvent602,1979.898780672,1979.898780672,1,yellow,1,blue,0,-1320.5983,-509.60123,4963.57496017552,291821.562097564,-4007.1753,-587.42035,0.16660644,1128.37055979973,5489.4883,589.51495,688.288879004803,8,7,7338.31403549755,3.98204796477222,13.9516895629618,1280.02308871214,5,9.54584585169958,-5.56379788692736
kickEvent603,1982.967468288,1982.967468288,10,yellow,1,blue,0,1732.8136,-351.74243,4654.30864046546,32601.6324204424,-802.1684,-1000.9152,-1.0027415,1621.16000907767,5693.899,-26.607855,344.682628094668,8,7,4281.65885018964,4.71221434878879,23.6699753731014,925.505200932102,3,-57.4528558926174,62.1650702414062
kickEvent604,2127.353690624,2127.353690624,2,yellow,1,blue,0,4977.349,4294.78,89.1212420149909,10620.4954821931,5039.868,4428.0586,-2.2886853,336.601097922964,5928.0557,990.1695,109.344162251428,7,8,4414.85563933873,-76.6064375352806,5.62760864356566,646.951314730165,2,-131.132008323633,54.5255707883521
kickEvent605,2155.197148672,2155.197148672,10,yellow,1,blue,1,3654.5095,330.59433,333.122433451432,21897.8649735572,3619.9277,219.41248,0.9657507,603.284700171256,5645.1177,713.81525,247.423828511455,7,8,2368.67437538772,-8.02292684624694,41.3298723563993,846.789126985766,1,55.3334391718049,-63.3563660180519
kickEvent606,2208.659731712,2208.659731712,2,yellow,1,blue,0,-1152.4479,-109.6147,426.592540606975,20514.9279146005,-1482.1111,-27.785913,-0.075631045,1480.62831992896,5777.283,255.50017,145.195713201785,7,8,7153.28779965342,0.87801660938389,14.3405076907145,150.277646938893,3,-4.33333967866401,5.2113562880479
kickEvent607,29.787190144,29.787190144,3,blue,3,yellow,0,6.4512194,-12.025135375,159.24782901559,124950.523933914,-732.4295,-4.8668013,-0.015928868,465.216506056683,5992.79,0.079050146,31.0151985154179,8,8,5993.56084388175,0.114955030115248,17.079558702459,895.652801783194,3,-0.912656908820992,1.02761193893624
kickEvent608,655.697646336,655.697646336,2,blue,10,yellow,0,-2534.9956,2853.1277,884.904153721502,56092.6545912558,-2917.6968,2835.8735,-0.2940185,1797.4743005491,5743.1406,109.19167,278.435765677848,7,8,8999.24927783016,-18.4840490709664,10.8472315805477,393.260330118561,3,-16.8460191487672,-1.63802992219916
kickEvent609,817.004036096,817.004036096,5,blue,10,yellow,0,343.80884,334.31622,4055.7203328494,774774.55072113,238.79488,220.49106,-0.11854026,3685.04731932718,5938.128,6.413536,47.3619088038758,7,8,5666.06263408879,-3.38260294415675,18.0215602452419,1146.25753306852,3,-6.79185660038345,3.4092536562267
kickEvent610,1098.333231488,1098.333231488,1,blue,13,yellow,0,-46.2404375,-1335.696525,8568.53068296646,7148411.66871105,-251.08732,-1650.119275,0.3206055175,10071.2180342151,5816.3257,-60.083305,88.2207579864275,6,7,6192.01975408326,12.4573358553177,16.1710483450234,1465.90529295839,4,18.3693430413577,-5.91200718603991
kickEvent611,1408.04873984,1408.04873984,7,blue,13,yellow,0,534.81946,1759.5541,1215.61168788956,65409.3809567909,110.8555865,1650.269475,-0.3993272175,2716.42069916957,5753.178,113.4359,20.3634122486888,6,6,5741.44833344527,-17.8463354572962,17.0110652729262,900.018290029472,3,-22.8797642074527,5.03342875015651
kickEvent612,1711.62691456,1711.62691456,7,blue,13,yellow,1,-1818.8782,4467.2637,809.034095420867,47819.6211526054,-1900.499,4557.309,-0.46446496,761.735417115485,5777.862,72.96645,56.2681875941402,6,6,9005.07086433932,-29.7411982494866,9.94338560483414,2465.61865962328,2,-26.6118819397126,-3.12931630977396
kickEvent613,2351.394397696,2351.394397696,7,blue,13,yellow,0,-1143.2357,1223.6907,1291.35718296617,96148.0880940786,-1312.3761,1114.6606,-0.07153957,942.374405959289,5857.385,40.04266,15.2698718641009,6,5,7247.2915765147,-9.7208461991052,13.9627201815422,553.118974187073,3,-4.09891542918072,-5.62193076992448
kickEvent614,2739.086075648,2739.086075648,5,blue,13,yellow,0,-1874.7018,1.7966344,309.92624542079,15599.9368467834,-2012.896,4.87412,-0.025821298,451.046821838689,5995.0522,-0.71220237,10.3525410740509,6,5,7874.70200495348,-0.0130721860047948,13.040092372298,3360.06322551443,1,-1.47945139694959,1.4663792109448
kickEvent615,3123.172359424,3123.172359424,0,blue,13,yellow,1,2700.1733,-1449.8724,3257.80434742615,175402.414566412,581.97992,-2252.62745,0.39754854,5107.95815741927,5366.6206,-289.975,322.486309315044,5,6,3604.3010732061,23.7196467477,25.9947716876338,496.603614942391,3,22.7778534935878,0.941793254112247
kickEvent616,3222.053675776,3222.053675776,0,blue,13,yellow,0,-849.49365,3030.0898,5396.83687226155,350115.974339225,-1097.6357,3034.4622,-0.3559764,305.51595471998,5673.4834,204.98444,182.657561326389,5,7,7489.79355239211,-23.8637156867464,12.5713518024339,1543.95482817314,4,-20.3959453262608,-3.46777036048561
kickEvent617,3317.301689856,3317.301689856,1,yellow,6,blue,0,3334.027,14.168987,570.823537975699,14878.1499497327,3863.7815,104.498085,-2.8950722,559.787649260182,-4516.557,21.048594,144.063525353134,5,5,9334.03775420486,-179.913025478551,348.984997512364,224.756570857307,5,-165.875418445654,-14.0376070328971
kickEvent618,3379.245220352,3379.245220352,2,blue,13,yellow,1,2421.8835,-424.49854,601.212167053102,26190.1430552575,544.34921,-8.529458175,-0.006606060725,3485.68884191313,5987.0625,-665.87146,381.899629570411,5,5,3603.20922207334,6.76579969213397,27.8826316853669,144.723147912017,3,-0.378499398749633,7.14429909088361
kickEvent619,3919.290679552,3919.290679552,7,blue,1,yellow,0,4239.6416,4254.851,943.837299954476,75520.7019119365,4161.942,4351.993,-1.1085536,917.568170097667,5645.6436,764.6734,203.199072193559,4,5,4604.63014026659,-67.5236653599098,8.83210314489323,266.204060759485,2,-63.5154426440337,-4.00822271587615
kickEvent620,3925.290504704,3925.290504704,7,blue,1,yellow,0,3245.6602,-2025.5093,1425.87654388131,84692.1425120312,2744.2776,-1953.1494,0.4905061,2240.00091842317,5649.9473,-288.8991,328.105889444803,4,5,3418.92902211358,36.3303288562948,24.4997000851831,1132.426233785,3,28.1039293554219,8.22639950087292
kickEvent621,4025.334541312,4025.334541312,0,blue,1,yellow,0,3558.1216,-919.5225,3114.47365893483,121206.297629466,2155.345,-1415.8707,0.34912196,2061.54394518088,5956.2217,339.56833,563.945554370562,5,5,2609.27034789284,20.6345470069589,36.2329229853801,994.779227179609,1,20.0032148433351,0.631332163623787
kickEvent622,4112.536617216,4112.536617216,0,blue,1,yellow,0,-1697.7058,-2075.9556,1600.81844600761,23230.7978534377,-2745.069,-1813.5077,0.07356625,899.001206039057,5812.6416,-45.917313,69.9968482484374,5,4,7972.72012781867,15.0927506229472,12.4508953290179,2518.76116212701,2,4.21503563960429,10.8777149833429
kickEvent623,4149.663874048,4149.663874048,10,yellow,6,blue,0,-36.9604685,3627.0244,1671.66026592746,363387.120290053,41.512739,3677.94745,-2.5879523,2521.49111848215,-4328.0474,911.9805,206.04092576162,5,5,6979.48038556074,-148.689902515563,12.6294430762121,975.715824186103,4,-148.278744371174,-0.411158144388963
kickEvent624,4432.507396608,4432.507396608,3,blue,1,yellow,1,3021.3347,755.6925,998.991387361335,13366.823068936,1967.4418,679.2977,-0.053865854,2613.59150133586,5121.7896,163.39455,373.199167713753,5,5,3073.03077172689,-14.2356856476839,31.841156441847,429.366929072198,1,-3.08628609406788,-11.149399553616
kickEvent625,4551.450759936,4551.450759936,3,blue,1,yellow,0,2217.7942,1545.9054,1848.4995889604,30531.5540370219,2048.629,1472.2595,-0.201952,1447.68168408799,5734.754,151.3685,26.0022849850695,5,4,4085.93982081269,-22.2313648039133,23.1990608407513,689.227518101193,2,-11.570997264226,-10.6603675396873
kickEvent626,4603.47249536,4603.47249536,3,blue,1,yellow,0,-4486.695,2967.5513,381.662551080907,38837.2565407785,-4835.7837,3308.804,-0.25762033,1673.37436967121,5753.9897,81.95763,131.637371922666,5,4,10898.492223292,-15.8005854038438,9.09089718262404,1267.74802389969,2,-14.7605576257675,-1.04002777807632
kickEvent627,4705.380668928,4705.380668928,5,blue,1,yellow,0,5480.3843,3518.7712,1574.59317553675,117735.460803477,5189.7344,3791.3357,-1.6113305,3091.73094973832,5801.3594,894.9486,87.3012050483828,5,5,3556.93002934215,-81.5998601474003,4.5160713079836,2643.38231269916,1,-92.3224370507047,10.7225769033044
kickEvent628,4730.800173056,4730.800173056,7,yellow,6,blue,0,4935.972,4359.7847,102.704315237219,17565.6623373035,5056.8755,4428.855,-2.760163,371.220725906753,-4413.0605,630.44025,42.2148107817735,5,5,11772.9862913,-158.264581085765,8.13010474002356,688.572464578631,3,-158.145690668168,-0.118890417596835
kickEvent629,4735.360607744,4735.360607744,3,blue,1,yellow,1,843.11985,916.11694,2183.80593538579,568404.380457972,398.3633,1010.16255,-0.24697119,3583.26358619681,5840.317,50.26296,38.5558910143204,5,5,5237.62189635898,-10.0734706402451,19.2218494676725,1039.97935749771,2,-14.1504068483236,4.07693620807849
kickEvent630,4886.138628608,4886.138628608,3,blue,1,yellow,0,2477.1367,-2152.6292,1906.62776282421,138879.879941565,2256.0366,-2513.0605,0.64333284,2471.04661717922,5642.838,-505.397,304.643552275657,4,5,4128.48377775419,31.4268217608528,21.3356342004753,739.766388273501,2,36.8602565541651,-5.43343479331224
kickEvent631,4910.610746624,4910.610746624,3,blue,1,yellow,0,1705.6185,2390.2156,1247.41823105072,45863.1497109987,1454.0352,2827.3496,-0.38914832,1743.29919489406,5651.224,296.64398,196.344441983912,4,6,4914.7576829408,-29.0999339913076,18.320612233214,470.034293243599,3,-22.2965563406064,-6.80337765070123
kickEvent632,34.157129216,34.157129216,7,yellow,2,blue,0,4041.5312,541.64325,815.775592698482,43091.902662765,3992.9788,456.32242,0.7718538,756.30971425587,5882.302,99.97037,132.632160541018,8,8,2031.98854594311,-15.4595630682543,46.7262179310283,271.842154267788,1,44.2239651411347,-59.6835282093891
kickEvent633,36.390694912,36.390694912,9,yellow,2,blue,1,5448.063,1367.7544,1697.36752901849,112941.637547645,4857.1484,2390.9775,-0.9251609,2310.04752283588,5878.675,295.61603,468.258638394406,8,8,1474.91916750999,-68.024191459889,36.0404959103662,1155.3819190944,1,-53.0078149405248,-15.0163765193642
kickEvent634,97.777296384,97.777296384,1,yellow,2,blue,1,2311.816,2656.0232,598.005762188483,20834.0906918902,2219.54,2667.7896,0.10745207,510.372476024969,5881.243,162.50352,216.269913375764,8,8,4545.01490171311,-35.7593167524458,18.4947145166851,214.458069257769,2,6.15655011094429,-41.9158668633901
kickEvent635,156.6915648,156.6915648,7,yellow,2,blue,0,3184.1528,592.20233,476.06541764075,18883.612761532,3153.9612,679.8626,-1.4070715,437.939834961315,5888.1772,72.8333,125.079592522909,8,8,2877.44662042674,-11.8768188782264,34.158647283141,909.563716192668,1,-80.619258423142,68.7424395449157
kickEvent636,168.934357248,168.934357248,15,yellow,2,blue,0,4310.723,-177.53612,2506.19283520971,181067.445246603,4053.6,997.2785,-0.74983853,1677.57577128836,5440.595,-871.35944,684.902480885523,8,8,1698.58054169758,5.99952876043842,55.6877610699336,576.323341593889,1,-42.9625830852938,48.9621118457322
kickEvent637,209.019978496,209.019978496,1,yellow,2,blue,0,3417.531,-2917.6145,762.53355551838,20030.6247447038,3309.967,-2784.3352,-0.9898864,999.494380277755,5915.2114,-379.38672,480.698950836462,8,8,3896.35990465091,48.4869850798631,17.9235970843954,496.045558441964,1,-56.7163129173988,105.203297997262
kickEvent638,215.562716928,215.562716928,7,yellow,2,blue,0,3799.3923,2254.5447,2917.30965288122,231198.809732243,3793.5315,3354.722,-1.1548104,2642.51332022457,5861.0386,207.74069,416.248478600938,8,8,3150.49933400999,-45.693626437313,23.4867737850328,1350.60868357587,1,-66.1657620578144,20.4721356205014
kickEvent639,233.348293376,233.348293376,7,yellow,2,blue,0,4947.6343,1519.5807,955.196286850723,22350.4921300565,5113.4976,1995.8041,-1.8942736,411.875833842836,5835.0786,341.6994,354.807907740038,8,8,1848.40446611368,-55.2959699463169,36.0065192909946,1270.94508366327,1,-108.533882523053,53.2379125767358
kickEvent640,239.0205632,239.0205632,1,yellow,2,blue,0,3724.7935,-170.51135,764.593527627814,49818.3312128954,3761.1304,-85.24468,-1.9373202,764.228315822508,5882.81,-28.95114,44.835244256084,8,8,2281.58689032898,4.28591947813313,42.9746971122931,477.525190732157,1,-111.000271025441,115.286190503574
kickEvent641,320.020216576,320.020216576,7,yellow,2,blue,0,1310.9918,1032.6765,1876.2010898143,101656.123280076,1229.1758,1074.2551,-0.626104,2106.06645504141,5889.331,61.40012,215.131818034567,8,8,4801.37674561365,-12.4201766530882,20.7793068523437,679.946881951348,3,-35.8731167362589,23.4529400831707
kickEvent642,335.462885376,335.462885376,9,yellow,2,blue,1,4738.0786,666.5784,2910.41772790495,175224.486367323,4708.241,1998.7633,-0.96540266,961.946249278378,5166.961,-521.076,492.87318338278,8,8,1427.15534652837,-27.8441329860387,61.627345134176,1262.72051019579,0,-55.3134979487032,27.4693649626644
kickEvent643,390.136321024,390.136321024,7,yellow,2,blue,0,3062.0146,-568.1245,430.384181438688,40738.7695626266,3066.1177,-474.1246,-1.5990665,451.101406676075,5879.1743,-70.13249,200.26614099265,8,8,2992.41101089296,10.9443282854585,32.9963294024293,183.604574511122,2,-91.6197616107563,102.564089896215
kickEvent644,499.536382208,499.536382208,1,yellow,2,blue,0,4736.1533,564.49396,3579.25573672609,159740.034393286,4372.514,2104.725,-0.89756143,1121.37416022577,5861.005,-558.49164,571.035014937069,7,8,1384.18275960126,-24.0678074436129,64.0731418194738,999.5598283826,0,-51.4264817927269,27.358674349114
kickEvent645,578.021852672,578.021852672,12,yellow,2,blue,1,4128.0503,-631.0683,1592.41564886768,25437.8514339421,3994.8176,-1778.0796,0.81595355,995.250498329243,4894.6753,819.16254,829.159654781664,7,8,1975.46016882016,18.6298975432444,47.4551447584323,965.27081353789,0,46.7506946937168,-28.1207971504723
kickEvent646,731.451228672,731.451228672,7,yellow,2,blue,0,4768.389,2716.755,93.8084227305486,10917.049933815,4636.9844,2939.5483,-1.7666267,752.218169524456,5883.525,466.2937,121.671192657112,6,7,2982.88842991923,-65.613359483842,15.3288413779323,770.341897833384,3,-101.220253885124,35.6068944012823
kickEvent647,738.076949504,738.076949504,15,yellow,2,blue,1,4176.5083,-1949.0072,4389.91775757287,309555.11744265,4206.6777,-2040.1686,1.838856,552.271728515284,5855.6025,-247.27518,473.903571301491,6,7,2669.03560216433,46.9055954068116,27.4682489292478,2390.65873774718,1,105.358687932309,-58.4530925254969
kickEvent648,883.994821632,883.994821632,7,yellow,2,blue,1,2826.5706,292.6473,565.332538385065,23887.0610136199,2883.5164,216.31456,1.9922252,571.291880348642,5816.4624,-316.77698,197.013541895605,6,7,3186.89450703685,-5.26880012058937,31.4320080284652,392.903478286638,3,114.146095799606,-119.414895920196
kickEvent649,944.380706304,944.380706304,1,yellow,2,blue,1,3589.6177,-1641.1031,836.016450867944,20164.1809978649,3673.3628,-1682.3218,2.6278794,766.657100835181,5885.6367,-223.46149,53.0259544813192,6,7,2916.01821273169,34.2488989622106,29.4215554574896,254.75714751504,1,150.566398689371,-116.31749972716
kickEvent650,998.509358592,998.509358592,7,yellow,2,blue,0,1221.0945,555.9088,1261.00739086013,82067.4886258163,830.661525,-12.50678,0.708086065,1899.40293746322,5888.1704,41.29705,77.1608426635998,6,7,4811.13005143778,-6.63514206864962,21.061833503461,1126.70073715798,3,40.5703430565261,-47.2054851251757
kickEvent651,1005.509547264,1005.509547264,9,yellow,2,blue,0,3471.5425,-914.8378,2566.25990494322,154186.241895718,3509.1719,-2302.6934,0.5952783,790.059811586757,5875.6367,0.82436824,149.814374744042,6,7,2688.87067922857,19.8909629597546,35.3332280524396,2572.56800275904,1,34.1069342257225,-14.2159712659679
kickEvent652,1065.581306624,1065.581306624,7,yellow,2,blue,0,851.4261,48.555607,954.527655410611,130581.749583843,930.370665,-8.4580913,2.37989545,1012.86143408401,5886.0566,1.3032279,33.097217713136,6,7,5148.80285607561,-0.54033387337984,19.8292079852336,112.279590061249,3,136.357964967388,-136.898298840768
kickEvent653,1567.939566848,1567.939566848,2,yellow,2,blue,0,-1525.6355,1183.3728,668.346123492826,36281.9596944602,-1445.1174,1234.6569,-2.3469357,698.806920376921,-5887.6836,71.75574,19.5544067660018,7,7,4628.2079536944,-165.185700597629,21.3439842603736,202.954525966409,4,-134.469510398582,-30.7161901990475
kickEvent654,1830.847688448,1830.847688448,3,yellow,2,blue,1,-4909.674,-520.1002,3863.63147044503,219177.879132581,-4574.6484,-2240.7654,2.0041556,820.040081651213,-5840.527,546.40607,832.102764215501,8,8,1208.0211108735,154.498228758073,288.306617551237,1415.59984867134,0,114.829657367509,39.6685713905636
kickEvent655,1958.774792704,1958.774792704,15,yellow,2,blue,1,-4889.196,1831.4973,353.48815374997,34155.5130616605,-4868.383,1924.461,-2.0562031,171.52332427163,-5885.142,335.78278,564.842685925303,7,7,2142.02424970477,-121.236831855082,27.8876490473573,500.393310241384,1,-117.811759451716,-3.42507240336578
kickEvent656,2035.832487936,2035.832487936,2,yellow,2,blue,1,-4486.1235,-546.29004,2576.12608908382,46949.2395545598,-4336.26,-2132.6643,2.1862478,941.236445958922,-5864.368,579.66376,605.519025840876,7,7,1609.42687471517,160.157763459351,303.15698225226,1338.74716973464,2,125.262771909761,34.8949915495902
kickEvent657,2600.926955264,2600.926955264,9,yellow,2,blue,0,-3207.0498,3047.8232,1751.00915026624,36456.4110926728,-3113.4443,3017.7563,2.8458304,1672.56382266333,-5885.873,247.71144,94.4566848273155,7,7,4133.98077863677,-132.501377334235,17.1610383319582,453.1433439042,3,163.054071130027,64.4445515357378
kickEvent658,2777.144156928,2777.144156928,1,yellow,2,blue,0,-1974.6721,-3263.415,843.108581520071,105929.440291281,-1894.023,-3219.8943,-2.7050884,649.67689818237,-5879.7476,-169.88625,251.949490593151,7,7,5182.00175267661,140.96761650899,15.5473596153259,476.039031263835,2,-154.990148529797,-64.0422349612133
kickEvent659,2902.54697856,2902.54697856,9,yellow,2,blue,1,-4869.836,493.45038,129975.453792469,16652326.4192338,-4625.3003,2021.1893,-2.1794953,1154.61396789274,-5463.8315,-917.35205,322.190054912875,8,8,1233.19258204797,-156.413033656197,289.258942830389,1530.74953879273,0,-124.875882158599,-31.5371514975977
kickEvent660,107.79199488,107.79199488,1,blue,6,yellow,0,3950.6147,2021.8195,3443.66253083713,189635.860579507,4107.5444,2105.4077,-2.623406,218.784342209183,5809.193,403.17874,1038.15918986812,11,10,2878.84251018293,-44.6120608171185,26.2579077507643,660.735153757283,1,-150.310091749297,105.698030932179
kickEvent661,128.548709632,128.548709632,8,blue,6,yellow,0,5091.427,2931.798,5893.70648840567,364483.931940641,4659.9663,2110.1384,0.8941387,308.751281037778,5798.7935,996.673,916.521686581184,11,10,3069.35569935011,-72.781634292364,10.7538053338531,654.317030548479,1,51.2303738093141,-124.012008101678
kickEvent662,463.078566144,463.078566144,2,blue,6,yellow,1,-46.125496,34.45342,1580.82691142283,60846.9276125781,-154.219285,20.419136,0.0357875635,17890.1052441205,5866.1963,-279.10934,1179.07930817892,11,10,6046.22366039588,-0.326492427338449,16.9327334274695,3889.56014747597,1,2.05047634760643,-2.37696877494488
kickEvent663,605.536764416,605.536764416,11,blue,6,yellow,0,4351.145,-154.60783,3446.14281211735,58872.9561787712,4916.869,1963.3799,-1.2304401,870.955553383469,5676.6855,616.0951,1768.22897680456,11,10,1656.08767645989,5.35677829356609,56.9291195016173,1426.56336654647,1,-70.499024673655,75.8558029672211
kickEvent664,606.967043328,606.967043328,2,blue,6,yellow,0,5384.583,2334.579,2964.3366087482,160910.009136249,3737.3252,2736.4407,-0.46704468,2073.0978863883,5554.1987,1588.2549,1345.66483103746,11,10,2414.33162410014,-75.2322452816851,12.4462988729658,539.443430676062,1,-26.7596890080381,-48.4725562736471
kickEvent665,660.108662528,660.108662528,9,blue,6,yellow,0,4051.111,-2531.095,1330.84964408979,17080.7097744556,3201.6409,-2707.7222,0.5252778,827.905744948033,5875.3184,-360.4978,336.579180937149,11,10,3194.46556302396,52.4044983882298,20.4759141912717,822.458586049243,3,30.096201011917,22.3082973763129
kickEvent666,794.238994944,794.238994944,7,blue,6,yellow,0,2768.4294,-1633.1077,691.450730183054,41106.9911175038,2851.808,-1702.8474,2.1666949,571.863212224089,5882.0186,-121.59021,50.3299544262075,11,10,3620.78573000166,26.8102250509353,25.3099042000644,1323.69972608235,4,124.14247326252,-97.3322482115846
kickEvent667,832.53958528,832.53958528,3,blue,6,yellow,1,4117.6562,2518.777,3119.54477868583,42394.7327386668,3615.6248,1942.2808,0.88032585,510.200647919296,5893.206,607.26855,1013.1509284296,11,10,3144.43250160143,-53.2283365715722,20.4684128046448,1140.22430566779,1,50.4389558012668,-103.667292372839
kickEvent668,1193.052954624,1193.052954624,1,blue,6,yellow,1,2977.7192,774.89465,2597.50323052389,48466.5139566687,2854.9731,1957.2948,-0.7722739,1807.5462662369,5876.4062,57.523373,275.186212785205,10,10,3120.03893447618,-14.3805203848047,31.364814444414,657.51488496478,1,-44.2480350981082,29.8675147133035
kickEvent669,1272.811750912,1272.811750912,8,blue,6,yellow,0,3861.7766,2163.3271,1443.87620219616,102805.130407044,3766.3992,2185.6763,-0.47006053,1366.94827883878,5879.28,313.05133,44.5343776550566,10,10,3041.7073248263,-45.3343723923061,24.5088147366013,201.884726974504,3,-26.9324844846826,-18.4018879076234
kickEvent670,1298.967984384,1298.967984384,1,blue,6,yellow,1,4291.958,-210.04327,3430.9288790538,64342.6873751513,3977.547,-1945.496,0.7909056,767.093548701143,5877.102,635.7378,10.5411846176625,10,10,1720.90837903599,7.01064347473929,55.0155758569367,1689.58224583497,0,45.3155528732621,-38.3049093985228
kickEvent671,1410.254711808,1410.254711808,8,blue,6,yellow,0,3288.2244,-2305.8027,3799.20259904091,149023.725377847,3420.8574,-2463.634,2.2968287,481.814995773683,5889.2183,-773.85876,1380.4872379696,10,9,3559.55797762625,40.3742676530111,22.3697259966187,1457.68753142448,1,131.598590774519,-91.2243231215084
kickEvent672,1457.126002688,1457.126002688,9,blue,6,yellow,0,2095.157,2345.5222,3250.9191048876,136961.119222473,2237.41,2573.379,-2.170089,312.370564930591,5869.9595,130.56477,135.184734936409,10,10,4555.1370171864,-30.9919764594186,19.4178700046972,918.853953398493,2,-124.336940867765,93.3449644083467
kickEvent673,1899.92880768,1899.92880768,10,blue,6,yellow,1,-2467.4573,952.32025,2077.73348877448,83637.5981728069,-2546.697,1005.7527,-0.62246156,329.668882066489,-6058.4526,-252.91766,31.1756831352115,11,10,3658.65710143535,-164.912593460294,26.822128384448,969.93689080404,2,-35.6644202971293,-129.248173163165
kickEvent674,2012.544421376,2012.544421376,9,blue,6,yellow,0,-2685.508,-358.36514,827.44443415625,20495.3938805379,-2623.6978,-440.44638,2.409015,823.631839971075,-5878.282,-37.66082,45.9189844175477,11,9,3333.80905146519,173.82911272117,329.929550698814,173.588090571391,8,138.026392283708,35.8027204374618
kickEvent675,2220.205323008,2220.205323008,2,blue,6,yellow,1,-5483.947,-660.7062,2002.56524960755,27275.4659281663,-5403.278,-1978.4338,1.764053,728.421873148653,-5872.1904,-363.39783,2374.04216762887,11,8,838.357549931674,127.99206946223,263.419493126327,489.004299076825,1,101.072791737391,26.9192777248391
kickEvent676,2362.707747328,2362.707747328,6,blue,6,yellow,1,-4007.7654,2221.089,1330.88809381232,55359.9901128945,-4002.064,2311.0906,-1.8992307,1387.07275343362,-5869.4355,292.1906,720.78781822023,11,9,2983.66134930862,-131.890929816406,23.9002207714769,202.478174131683,1,-108.817903431677,-23.0730263847289
kickEvent677,2461.508798976,2461.508798976,11,blue,6,yellow,1,-4029.7097,-86.09828,3741.2809637079,46299.4630181389,-4874.343,2215.6316,-1.9209515,1563.40712698009,-5896.4097,436.63495,2022.45771818812,11,9,1972.17057581058,177.497865315505,310.967885869743,1106.68436580242,6,-110.062413599325,-72.4397210851704
kickEvent678,2636.754630912,2636.754630912,6,blue,6,yellow,1,-4747.88,-436.3309,3130.94472973222,48228.9256609249,-4321.9775,-1976.4133,2.315943,651.166129299372,-5479.267,196.65028,2308.46591397806,11,9,1325.96725023464,160.787897335149,292.816679394755,967.260108762473,2,132.693759492866,28.0941378422821
kickEvent679,2745.555492864,2745.555492864,11,blue,6,yellow,1,-4786.441,-1954.9125,1448.5684616815,55574.7772278062,-4824.139,-2035.092,0.99361867,428.081743444802,-4990.4165,-1013.7139,2912.26243177754,11,10,2300.95813285189,121.830938169943,25.9712388041782,174.01186039937,1,56.9301562364021,64.9007819335412
kickEvent680,27.346709504,27.346709504,7,blue,1,yellow,1,2271.9353,709.5926,1252.54360556549,68571.5983240543,1833.9021,522.9948,-0.032732386,1171.71203375647,5610.3145,-115.09277,683.09866555255,11,11,3794.99513377301,-10.7766604293893,26.2760683805156,511.954364640938,3,-1.8754275711931,-8.90123285819621
kickEvent681,284.590115328,284.590115328,6,yellow,0,blue,0,3.73515625,1957.357425,6457.68749418582,588371.390855419,4349.0903,1981.5775,3.0834334,451.957688488539,-5684.186,-466.95667,32.5733153114998,11,10,6314.75129483298,-161.942825889139,15.4628672045831,1863.67246051019,4,176.667720229674,21.3894538811871
kickEvent682,334.823142656,334.823142656,10,blue,1,yellow,0,2351.4153,1721.861,756.738299208335,29760.1933284473,2269.5908,1774.0472,-0.37904772,713.760241718818,5759.6226,821.0582,26.974215428938,10,10,4034.47340013478,-25.2638303694624,23.0066252291869,197.185685608388,3,-21.7178345900566,-3.54599577940588
kickEvent683,518.619783936,518.619783936,10,blue,1,yellow,1,3441.236,-230.87592,1858.43458698357,34005.9616819306,2541.8435,11.650176,0.24050266,566.993686553636,5662.3604,-480.24103,1226.128113736,10,10,2569.15879192623,5.15580632206436,38.4984385887561,525.871308589075,3,13.7797873796698,-8.62398105760544
kickEvent684,580.23816704,580.23816704,5,blue,1,yellow,0,-2.12025075,-11.691437,2558.67932123162,764106.424989387,-688.43335,-1.9537348,0.089698926,117.876310532906,5555.784,-100.11855,58.69528308211,10,10,6002.13163752365,0.111605419641891,17.0555305010472,194.409634147212,6,5.13936988665629,-5.0277644670144
kickEvent685,597.24900352,597.24900352,7,blue,1,yellow,1,3951.5515,622.76,772.065567537977,27880.0865461893,3828.2515,699.9129,-0.48032025,789.792761599581,5737.4185,704.59357,54.2170548116009,10,10,2141.02108227646,-16.9100823304736,44.3337533132914,175.058472986574,1,-27.5203231396686,10.610240809195
kickEvent686,737.654979072,737.654979072,8,blue,1,yellow,0,-635.29376,1161.8079,483.718543598368,30860.8643314143,-891.4736,1210.4945,-0.09975242,819.131555175099,5689.073,340.41776,484.426020035763,10,9,6736.23937208272,-9.93153632240805,15.0022290053026,332.087630237141,3,-5.71539266221638,-4.21614366019167
kickEvent687,741.963881728,741.963881728,9,blue,1,yellow,0,5510.9653,1795.2275,1344.21827459588,55470.588180922,5315.0874,2482.5845,-0.3611187,2514.21887574243,5759.5386,670.1886,495.147293374698,10,9,1860.64416656177,-74.7618983099723,18.3622656114124,1152.17238813734,1,-20.6905774132509,-54.0713208967214
kickEvent688,792.30718848,792.30718848,7,blue,1,yellow,0,1378.5435,1089.1829,132.590261269752,14366.3790263699,1154.5248,1071.8422,-0.19635555,586.017535213415,5395.075,353.7584,1159.6943524174,10,10,4748.07114216338,-13.2614445893416,20.9440356041332,165.505232765433,2,-11.25034429897,-2.01110029037159
kickEvent689,795.13683456,795.13683456,1,blue,1,yellow,0,4852.35,1779.085,1101.96320853583,31314.6451222237,4631.829,2161.4124,-1.0438023,538.727358812228,5531.328,673.86566,674.067623992705,10,10,2117.13106814977,-57.1747959848474,29.35932717451,334.650481301073,1,-59.8054664360482,2.63067045120085
kickEvent690,867.707331072,867.707331072,9,blue,1,yellow,0,4435.1084,-2805.6685,90.8919303122722,13634.0519429958,4196.519,-3043.2068,1.0103227,716.088929005925,5809.063,-741.2381,760.722575103274,11,9,3212.57862964361,60.8489396928235,16.4978876902852,769.495652546556,1,57.887226656262,2.96171303656148
kickEvent691,906.622046208,906.622046208,8,blue,1,yellow,0,1044.68875,-335.352495,816.076791428698,30572.1357097576,873.607865,-166.4252,-0.18297167,803.596673952408,5254.086,404.67795,439.308318350245,11,9,4966.64583801576,3.87160936486445,20.4991150575232,388.081107974114,4,-10.4835044614605,14.3551138263249
kickEvent692,1372.123891968,1372.123891968,9,blue,1,yellow,0,2676.127,2490.0955,2391.369844065,75625.2547328858,1905.3593,1891.3074,-0.23340935,1118.27001896525,5799.366,799.5718,402.77960039368,10,9,4153.15630806851,-36.838893144301,19.999295960087,1073.38308220466,4,-13.3733706538919,-23.4655224904091
kickEvent693,1376.024418816,1376.024418816,8,blue,1,yellow,0,4058.204,-2432.6582,230.997497143983,17732.1465558557,4017.7312,-2683.9504,0.99302924,993.504380725582,5863.8657,-908.5509,195.233333280427,10,9,3112.61909388914,51.4024388105956,21.4884850338659,497.167281907338,1,56.8963843850837,-5.4939455744881
kickEvent694,1420.99550464,1420.99550464,1,blue,1,yellow,1,2311.4463,-1878.7079,389.407699274288,20839.1708334498,2113.2957,-1884.5978,0.4322027,725.185401359016,5681.699,-692.7952,471.45468673969,10,9,4139.4409974423,26.9913166951398,22.1316678218557,1288.67552560547,3,24.7633906041589,2.22792609098091
kickEvent695,1805.427648896,1805.427648896,10,blue,1,yellow,0,1103.39375,2610.059725,3902.4077073333,1224481.72924978,633.092195,1851.42055,2.17284955,2655.70549645642,5804.232,857.96875,582.306420811328,10,9,5548.79847675207,-28.0591520010916,16.3833658229486,2276.56841818989,5,124.4951087319,-152.554260732992
kickEvent696,1835.683388672,1835.683388672,10,blue,1,yellow,0,2153.3525,2593.1333,2669.72351967358,182824.351821147,1820.9005,1653.1754,2.514055,3000.81788518466,5699.2217,730.19635,363.398627490866,10,9,4639.07720358534,-33.9850180288894,18.4854429139795,2478.87812625272,2,144.044740963762,-178.029758992652
kickEvent697,1837.883053056,1837.883053056,6,blue,1,yellow,0,4334.3906,14.829652,3750.8356729014,235591.135959656,3589.131,-1012.7142,0.816781,140.540869507175,5500.067,804.2249,637.005024373655,10,9,1665.67541614409,-0.510116009601493,56.7655586824741,387.697889114212,1,46.7981040864749,-47.3082200960764
kickEvent698,1840.097410816,1840.097410816,9,blue,1,yellow,0,5848.199,1838.8463,2396.42549703241,111137.076244904,5384.334,2800.6023,-1.312773,1715.78373964049,5870.4507,647.7275,571.399379398212,10,9,1845.10142231388,-85.2808022008787,6.01221985394096,1191.3266276997,1,-75.2163523587276,-10.0644498421511
kickEvent699,1873.79756288,1873.79756288,10,blue,1,yellow,0,2512.908,2141.7463,1968.1244383334,30554.1872404238,2077.6292,1114.1992,2.0033317,954.395917364271,5787.5103,751.72485,268.083559874351,10,9,4092.29615619736,-31.5579406149525,21.4970698636893,1287.69222498226,3,114.782451374768,-146.340391989721
kickEvent700,1911.488379136,1911.488379136,5,blue,1,yellow,0,-1467.9136,-2018.8386,140.083410342526,13427.653984987,-1625.687,-1932.5929,0.41819674,611.729522545344,5524.0083,-171.32181,630.772764901915,10,9,7735.98363686965,15.1274647903791,12.8274263126164,185.64756710046,5,23.9609082081298,-8.83344341775071
kickEvent701,1921.098360064,1921.098360064,5,blue,1,yellow,1,1745.5264,-1177.5441,1759.06485467431,19637.4337282589,1199.9308,-693.2324,1.1585022,1761.38660482377,5513.9956,-285.4835,343.205782791322,10,9,4414.42586533535,15.4709101895497,22.2947285794806,1792.44920719127,3,66.3772866166208,-50.9063764270711
kickEvent702,2376.700483328,2376.700483328,6,blue,1,yellow,0,3822.7336,-4046.1118,76.3398604815074,9275.75827210692,3578.43,-4292.2485,1.1313925,892.850859759342,5786.1147,-705.2451,686.603396692358,10,9,4594.72628941792,61.7147162174033,10.9261903624363,757.821772921312,1,64.824015222755,-3.10929900535166
kickEvent703,2434.472941568,2434.472941568,9,blue,1,yellow,1,2739.1584,-2551.556,2636.65807066599,66868.983717312,1947.7518,-1686.6494,-2.1903253,2305.74233002642,5755.534,-757.1343,295.083093707824,10,9,4140.4741227819,38.0426073542905,19.7660937337034,1976.82959409824,2,-125.496395450726,163.539002805016
kickEvent704,2532.173116416,2532.173116416,5,blue,1,yellow,0,3016.9382,1674.4995,320.132078136908,8346.27964455971,2858.6208,1801.8755,-0.6385155,584.703875931418,5604.3247,732.6066,763.422437106107,10,9,3420.90723027087,-29.3070589653318,26.2409967079342,524.753727333394,2,-36.5842433036855,7.27718433835375
kickEvent705,2570.071236608,2570.071236608,1,blue,1,yellow,0,388.50181,2207.044875,745.699912321773,232713.755600177,262.03247,2258.36275,-0.0443189855,3468.33855324719,5809.4873,797.4725,94.7195783704131,10,9,6029.92197434072,-21.4700913537277,15.8612700378235,727.113290286296,5,-2.53929082145149,-18.9308005322762
kickEvent706,2574.987531776,2574.987531776,3,blue,1,yellow,1,5011.487,-2803.7964,331.722843087132,10214.3462002743,4943.046,-3050.4246,1.1902933,720.549405043016,5849.749,-907.4299,579.205770772985,10,9,2972.95008431389,70.5792692274837,12.4963459711005,1215.59581146685,1,68.1987824726992,2.38048675478452
kickEvent707,2672.029917184,2672.029917184,10,blue,1,yellow,0,1703.7295,-466.59393,190.564011736024,11538.289087906,1567.8119,-494.3891,0.0072209784,891.542691171198,5310.8604,-465.49753,1036.72772856255,10,9,4321.53330482169,6.19828119759193,23.4057525820226,241.256036763541,3,0.41373158627513,5.7845496113168
kickEvent708,2796.160320512,2796.160320512,9,blue,1,yellow,0,3379.7922,-2048.9023,1937.01264610977,30524.9240934926,2459.623,-1488.3529,0.29645532,1057.80924904352,5590.032,-716.0167,597.247226352065,10,9,3326.18242887039,38.0240478475341,24.7013641349107,1417.02329207067,1,16.9856386502003,21.0384091973338
kickEvent709,2799.716414976,2799.716414976,3,blue,1,yellow,0,4576.3965,-2637.3457,1501.96724210216,112542.357369141,4523.4375,-3068.102,0.9394709,915.45123142316,5587.495,-510.34344,675.328894288565,10,9,2997.03841592342,61.6404272400566,17.4093314473539,547.726576512889,2,53.827717545357,7.81270969469959
kickEvent710,2831.245592576,2831.245592576,10,blue,1,yellow,0,5894.121,4208.638,112.042493153812,13615.9773133875,5957.7573,4536.382,-1.4249973,778.23595288797,5986.3267,1023.32294,52.2637116472131,10,9,4209.96961719262,-88.5588828242573,0.645571373442109,1139.46138383663,1,-81.6463311075376,-6.91255171671968
kickEvent711,2897.088429056,2897.088429056,6,blue,1,yellow,0,1182.5421,251.47046,422.18525604384,30427.5680652764,918.847055,195.9193525,-0.404382015,6047.65426528368,5205.346,408.03207,301.140312517109,10,9,4824.01679210645,-2.9881176118255,21.1097517462819,257.103355387552,3,-23.1693827704959,20.1812651586704
kickEvent712,2905.417010176,2905.417010176,10,blue,1,yellow,0,-870.81024,3172.7444,447.103421166183,34009.4723356922,-1000.7372,3277.8708,-0.693248,668.177558941362,5682.749,794.5225,648.708435020033,10,9,7567.98126198924,-24.7861472890804,12.3544681959784,231.738402782201,4,-39.7201845558853,14.9340372668048
kickEvent713,2922.477038592,2922.477038592,3,blue,1,yellow,0,3116.219,276.59402,67.4461057043066,8681.53236610689,2590.075,278.3453,0.08526035,1228.21437908564,5586.3228,313.6587,123.077015907142,10,9,2897.01520670168,-5.4786892448349,34.3939536261222,780.03115974469,3,4.88505821480823,-10.3637474596431
kickEvent714,2972.032042496,2972.032042496,2,blue,1,yellow,0,1553.8357,-1694.4487,2026.10793792786,60079.3819148082,725.4874475,-1493.007775,0.8175821175,2340.68778295982,5559.1846,-506.49832,525.974087713223,11,9,4758.10186729185,20.8620179716782,20.1338358989242,1783.92442255303,4,46.844004738119,-25.9819867664408
kickEvent715,3000.160991872,3000.160991872,7,yellow,0,blue,0,-229.5580775,-3455.28875,1719.47577728289,1279319.35829843,-120.909272,-3620.032425,2.637499425,2448.34700186324,-5607.3774,-303.2445,9.8340599611749,11,9,6725.84718283296,149.087204454988,13.1590813539361,314.690839699324,5,151.117585520681,-2.03038106569296
kickEvent716,3041.547902976,3041.547902976,5,yellow,0,blue,0,-1117.0785,-2937.2861,120.478172571936,16093.6244575276,-1000.5721,-3026.5286,2.498749,251.386314183219,-5596.735,-290.82986,50.0445612824677,11,9,5698.29553536981,148.971292175192,15.5151313248783,499.007020540052,3,143.167771762535,5.80352041265748
kickEvent717,3160.849985792,3160.849985792,11,blue,1,yellow,0,-1081.5707,-2869.598,86.6258994405609,11185.028728798,-1242.5376,-2976.4033,0.30525783,572.948819885474,5290.1777,-285.65204,949.103815700753,11,9,7640.8923733228,22.0588027505225,12.484013937155,644.396426161972,5,17.489985322322,4.56881742820053
kickEvent718,3181.507384064,3181.507384064,6,blue,1,yellow,0,-717.4523,-1299.2019,340.346212660382,26870.6291621176,-884.44037,-1377.8774,0.28314266,987.268179038194,5406.4707,238.85275,140.121041292659,11,9,6841.93620108657,10.9462507989478,14.7267887433185,167.812471313815,3,16.2228794181076,-5.27662861915979
kickEvent719,22.960525824,22.960525824,13,yellow,1,blue,0,-3007.9062,2473.6897,1363.15252745074,25366.7151157679,-2554.4355,2587.6533,-2.4400616,2144.031486957,-5838.6094,82.52056,45.683104772947,8,8,3882.2372467283,-140.418030321946,20.688385823908,1539.02746003401,1,-139.805231431939,-0.612798890007169
kickEvent720,93.705550592,93.705550592,9,yellow,1,blue,0,-2447.9165,-2626.9717,2738.72152478353,72472.1151892639,-790.3868,-1802.1113,-2.8046327,1191.92393036391,-5854.367,-544.5789,199.705163803748,8,8,4417.94946820051,143.5149269347,18.8684017457718,1972.11372481174,3,-160.693616794381,-55.7914562709187
kickEvent721,361.351689984,361.351689984,7,yellow,1,blue,1,-4228.566,-2743.5078,796.196069322858,40863.0218252865,-4138.053,-2777.0718,2.9520094,798.686360061641,-5730.5625,-710.25696,374.259161220946,6,8,3265.70259898492,122.849608712405,17.9292839277411,210.800705851569,2,169.137679702946,-46.288070990541
kickEvent722,698.64289024,698.64289024,2,yellow,1,blue,0,-1297.4099,-3060.3564,1455.81200054965,135809.695001018,-1277.4624,-3153.618,1.7706617,1488.57637529321,-5832.8364,4.201401,66.7289393949953,6,8,5610.71608118242,146.944685413669,15.4289928460665,1204.72519806445,4,101.45144235546,45.4932430582095
kickEvent723,785.943769344,785.943769344,7,yellow,1,blue,0,-2090.392,557.6767,872.541382372449,35016.0737813603,-2051.1992,470.81363,1.8259217,928.832554547593,-5845.874,20.019835,42.6624591424501,6,8,3949.18194255303,-171.881943843046,334.548267804166,444.258545200205,6,104.617607131352,83.500449025602
kickEvent724,987.103895552,987.103895552,0,yellow,1,blue,0,-2617.8757,-1881.8643,593.664794182721,44607.9824771096,-2559.3828,-1804.4248,-2.3735025,599.811007004855,-5845.9014,-54.04443,86.090434327091,7,7,3870.42349417541,150.90778597338,23.2494361365198,277.55071044438,3,-135.99167591375,-73.1005381128705
kickEvent725,1008.818208768,1008.818208768,1,yellow,1,blue,0,-1585.8641,293.9093,374.338527773094,33684.3713561359,-1650.1682,365.56012,-1.0206571,659.850158384374,-5848.149,4.2422576,144.2327897093,7,7,4423.90985670993,-176.190660389133,337.046901449749,1025.98144129711,6,-58.479344160062,-117.711316229071
kickEvent726,1531.363877632,1531.363877632,3,blue,6,yellow,0,-332.521895,-3994.7511,935.301321745887,158957.390146272,-386.66055,-4087.117,0.9163697,309.799312733699,5817.7295,-183.52815,82.3483657286339,6,8,7487.2471510967,32.2449994344822,11.6572823161369,1106.64418975063,4,52.5041162836694,-20.2591168491871
kickEvent727,1555.409909888,1555.409909888,2,blue,6,yellow,0,-363.3701925,-632.5172175,1909.58950390721,202851.394864004,-508.61673,-698.6111,0.05994322,1094.04523673263,5816.4023,-11.131693,136.247307099397,7,8,6394.72894165432,5.67653815558235,15.9479158891839,214.863612757098,6,3.43449351642419,2.24204463915816
kickEvent728,1585.756055552,1585.756055552,10,blue,6,yellow,0,-1629.3004,-728.7693,921.102310307682,34027.6130281401,-1747.6515,-692.56775,-0.16005181,530.568193601445,5821.858,-55.50376,46.2768687706875,7,8,7664.02826756678,5.45647624178169,13.3368090580544,91.4952776791983,3,-9.17029321642974,14.6267694582114
kickEvent729,1769.058066176,1769.058066176,15,yellow,1,blue,0,-3167.6338,-1521.1053,149.3081297459,16180.7430107357,-2983.1191,-1469.0194,-2.6613965,805.120632916828,-5844.0537,-695.2748,21.8905652143166,7,8,3214.97428054884,151.7622444026,28.1552784015295,784.580950176182,4,-152.486787060889,-55.7509685365112
kickEvent730,1772.329678592,1772.329678592,9,yellow,1,blue,0,-820.86115,419.02,1301.40766160429,120111.068781906,-679.25165,421.1633,-2.9110162,582.043554085385,-5757.1924,-141.17793,1329.1436498876,7,8,5196.0616805403,-175.374540058017,340.405929419669,399.194282874115,7,-166.788942354211,-8.58559770380647
kickEvent731,1774.42990592,1774.42990592,1,yellow,1,blue,0,-1921.8357,124.57794,1805.40133788219,83243.8737777914,-732.802,-220.24008,2.9205945,1003.96364092715,-5610.5166,460.92505,997.241932632937,7,8,4080.06663192271,-178.25029825112,335.131466143245,315.125267362636,7,167.337738519121,14.4119632297591
kickEvent732,1851.21741824,1851.21741824,2,yellow,1,blue,0,-1326.4977,-1381.22,401.137316968579,25159.9176959344,-1268.3768,-1309.344,-2.0845747,337.915742474902,-5848.9307,-45.57382,21.498694750814,7,7,4873.33483730651,163.535334155687,20.138931285068,267.106129825225,3,-119.43733238975,-77.0273334545633
kickEvent733,2160.936918016,2160.936918016,14,yellow,1,blue,0,-3108.8733,-377.7539,112.025448571838,14998.0661393587,-2795.9468,-547.05817,2.2909622,1159.37657595257,-5840.1675,24.140259,544.457280170163,7,7,2915.70087704794,172.555918180313,325.917275435965,785.229646886178,7,131.262465084006,41.2934530963074
kickEvent734,2291.538999808,2291.538999808,2,yellow,1,blue,0,-2883.503,4273.085,119.594861201812,14227.4351074653,-2751.1975,4409.616,-2.2592545,93.3444253368571,-5637.407,621.11664,150.254841021052,6,7,5288.83814918116,-126.104462605055,11.6691595566819,825.657763512728,3,-129.445747695939,3.34128509088426
kickEvent735,2296.666633216,2296.666633216,14,yellow,1,blue,0,-2449.7842,-1739.3578,239.602724905093,26452.3219446269,-2526.746,-1789.9371,0.6166158,633.844756560132,-5870.366,-209.29674,1013.93256475496,6,7,3953.40331650977,153.898372799879,23.3265665119432,1727.09854010514,4,35.3294829210829,118.568889878797
kickEvent736,2459.14098816,2459.14098816,0,yellow,1,blue,0,-4204.775,110.8669,252.103672538128,21763.9084789991,-4106.973,123.19134,-3.1320772,205.425374175322,-4271.623,187.43124,143.214463694155,6,7,1798.64512067851,-176.466098461848,306.887715418196,101.640313181511,4,-179.454804669152,2.98870620730399
kickEvent737,2536.414132224,2536.414132224,0,yellow,1,blue,0,-1799.794,2753.534,1509.20330567939,38535.0603581389,-1750.7522,3001.5469,-2.4177597,2637.27534030892,-5847.807,50.9206,45.8027889131679,6,8,5022.31818302983,-146.752306157704,17.2065841560678,368.136737116034,3,-138.527426686816,-8.22487947088764
kickEvent738,2760.917142272,2760.917142272,3,yellow,1,blue,1,-4964.852,1226.3014,2827.01929761268,60853.9396209307,-4417.3906,2495.2432,-1.9418478,1128.21660420007,-5500.6416,392.30353,1239.67114075257,7,7,1604.78861709135,-130.168448013941,46.545779492586,991.273394494524,1,-111.259683396764,-18.9087646171775
kickEvent739,287.289889536,287.289889536,15,yellow,6,blue,0,-4020.816,-548.2248,2440.47088192583,31756.4854221738,-4396.1636,-2182.1533,1.9329926,919.657401431333,-5673.393,-195.6652,2169.59627825858,10,11,2053.70877613917,164.517514953565,313.727651927369,1601.28702704463,3,110.75231781002,53.7651971435451
kickEvent740,497.092221696,497.092221696,0,yellow,6,blue,0,-3963.5063,2096.8103,802.324251757415,17305.8647673712,-3826.351,1952.8682,2.5642226,1280.72576669432,-4214.0996,1218.813,1226.80809603314,10,11,2922.9984646465,-134.163951808337,25.3598058507988,459.50122251363,0,146.919132712063,78.9169154796008
kickEvent741,654.80944512,654.80944512,1,yellow,6,blue,1,-1762.3132,981.76044,716.044895782135,35654.6120663741,-1670.9103,990.42615,3.0079112,695.672926759723,-4414.112,345.6026,130.259828440677,10,11,4349.92447939539,-166.956192727662,22.8384829106071,241.149133868985,4,172.340616910131,20.703190362207
kickEvent742,895.841125632,895.841125632,10,yellow,6,blue,1,-4625.982,-1878.463,835.030649186709,24574.3899896117,-4570.3726,-1955.6127,1.9898324,775.392997862572,-4651.701,-1726.5559,154.258332680797,10,11,2327.34799862268,126.183926590511,28.2311232678103,154.06892610585,0,114.008998458387,12.1749281321234
kickEvent743,948.513564416,948.513564416,1,blue,6,yellow,0,-2395.6138,387.1683,3621.8977268145,233168.784615789,-2864.5195,1350.6937,-0.33251652,3023.93944830625,5824.364,-11.6979,123.925499287075,9,11,8404.53629721922,-2.64035541962681,12.2118673481733,1094.52798978497,3,-19.0517932143774,16.4114377947506
kickEvent744,960.913911808,960.913911808,14,yellow,6,blue,0,-4031.535,-26.311733,1920.71593198972,34172.556454446,-3821.2388,963.3704,-1.6785506,600.459254466105,-5448.7075,-497.02518,1746.81810582189,9,11,1968.64084167693,179.234194420957,310.865787178665,1356.59082637916,6,-96.173865079152,-84.591940499891
kickEvent745,1166.004692224,1166.004692224,9,yellow,6,blue,0,-3084.6707,-2818.0076,507.780742791259,32281.4513906247,-2894.2231,-2765.7007,-2.1904101,1048.9488651225,-4459.642,-1493.4895,168.838978604946,8,10,4054.66543146241,135.972485532554,18.5585396430311,141.540764571907,1,-125.501254132829,-98.5262603346169
kickEvent746,1206.945680896,1206.945680896,14,yellow,6,blue,0,-1003.4491,1814.6781,1089.68012258528,41713.4676712953,-1033.0181,1905.0934,-1.0367866,1296.01573412722,-4403.688,628.7905,509.54959185385,8,11,5315.87974872555,-160.039679362765,18.1418828537048,693.7880489668,2,-59.4034964357183,-100.636182927047
kickEvent747,1364.347903232,1364.347903232,14,yellow,6,blue,0,-2311.193,2064.695,1212.5522923722,37984.5439188363,-2223.174,2019.2102,2.8708882,1188.95663925314,-4564.0083,691.1276,174.027865903007,7,11,4227.32332880678,-150.76343593278,21.2659829705192,319.442719177836,3,164.48977731391,44.7467867533097
kickEvent748,1557.368543744,1557.368543744,5,blue,6,yellow,0,2399.5288,-166.67422,687.310288026622,45866.0994247883,2261.9756,-290.15973,0.08640171,839.043289807981,5818.223,-65.79338,136.343422541248,8,11,3604.32700481547,2.65046321994783,28.0146785919068,413.881294395838,4,4.95045332571328,-2.29999010576545
kickEvent749,1570.994329856,1570.994329856,5,blue,6,yellow,0,-2047.397,-403.01328,1080.35297030552,13788.9215398553,-2516.4255,-958.7223,-0.076570705,2275.0390638024,5822.4,-53.91681,136.375271570891,8,11,8057.48212405497,2.86697487042863,12.7313122924287,1556.58465924013,5,-4.38717823084127,7.2541531012699
kickEvent750,1793.826527232,1793.826527232,5,yellow,6,blue,1,-3236.8745,-1876.7715,891.481716887501,27119.9219837527,-3287.197,-1957.8374,0.9671978,832.180627139883,-4525.0615,-1163.4424,405.900720397529,8,10,3340.22960168347,145.814848955586,25.6725082371953,297.686923928361,1,55.4163518943383,90.3984970612475
kickEvent751,1915.913519872,1915.913519872,14,yellow,6,blue,0,-3079.137,2379.9397,2343.31863495589,68480.4100834717,-3373.969,3569.4106,-1.3358595,2150.00914390416,-5434.194,640.3005,1316.45056612928,7,10,3767.69871943141,-140.826610165578,21.4438168920013,1279.76971975473,1,-76.5391113724564,-64.2874987931213
kickEvent752,2400.00981376,2400.00981376,9,yellow,6,blue,1,2924.282,224.42584,198.820911794965,17476.9335829653,2837.425,199.80273,0.16301887,446.830994662233,4510.701,133.17064,248.627792330108,7,10,3083.89496792347,-4.17330375445651,32.4696408595817,315.405361453514,4,9.34029323199183,-13.5135969864483
kickEvent753,2510.381403392,2510.381403392,3,yellow,6,blue,0,4442.804,2281.0205,2685.00356819847,164621.262094012,4394.943,2372.9424,-1.1621152,448.527982489448,5090.7935,992.98303,1160.59995332721,7,9,2761.86782881373,-55.6796179511467,22.3483429842303,584.013406324692,1,-66.5842962680016,10.9046783168549
kickEvent754,2555.453728768,2555.453728768,8,yellow,6,blue,0,3025.0417,-1332.6661,582.441621085947,25261.0443144352,2931.7712,-1343.914,-0.1714302,630.08382075185,4501.712,-652.81464,367.127487386003,7,10,3259.8122370511,24.1305314586604,28.612880323049,312.709510767581,3,-9.82222694108361,33.952758399744
kickEvent755,2580.796090624,2580.796090624,8,yellow,6,blue,1,4039.752,2016.7566,710.46517842428,14767.3815506893,3923.2148,1852.8032,1.1042715,954.575276629071,4557.6587,1494.7993,1105.51091940874,7,10,2812.45078270671,-45.8140514659759,26.4261230569204,167.713018964659,1,63.2700963865807,-109.084147852557
kickEvent756,2995.483853312,2995.483853312,1,yellow,6,blue,0,4706.2646,441.1834,3384.95947976975,186833.261011283,4348.398,2217.4727,-1.238066,966.221222243763,5388.002,87.0806,1522.39592121862,8,10,1366.89212363256,-18.830155010557,65.5584249718614,768.215253380587,1,-70.9359565586438,52.1058015480868
kickEvent757,3013.54107264,3013.54107264,8,yellow,6,blue,0,4812.8726,-490.67017,4767.12521578697,286445.167892009,4246.2075,-2364.3584,1.2188795,935.467210640927,5613.094,7.7440777,1198.40226049238,8,10,1284.53442132104,22.456561600332,68.5392564786239,942.746546707182,1,69.836651085016,-47.380089484684
kickEvent758,3091.856,3091.856,2,yellow,6,blue,1,3307.7944,-1843.0436,485.291760201542,21623.3785977693,3180.5288,-1750.6289,-0.80509245,962.174942118767,5389.283,-443.49216,1328.80825273325,8,10,3262.63401321269,34.3949568059075,26.2312192258136,499.855247572214,1,-46.1283995028473,80.5233563087548
kickEvent759,3165.255847936,3165.255847936,2,yellow,6,blue,1,3712.9653,-2354.6685,653.974849023224,48587.4146302885,3721.8557,-2446.9578,1.9221781,542.923943087539,4588.2246,-1553.4241,308.960480669685,8,10,3282.52821220113,45.8347920829598,22.4461312089074,342.644547260934,3,110.132692602476,-64.2979005195157
kickEvent760,3308.052152064,3308.052152064,1,yellow,6,blue,0,3874.6116,-127.90536,4458.3859153205,173075.483887685,4505.4565,2244.579,-1.8584145,1247.31760888592,4898.959,-471.60867,1099.63900143961,7,11,2129.23357853742,3.44389269364308,45.7745650516906,448.260888540702,1,-106.479307435915,109.923200129558
kickEvent761,3656.387346176,3656.387346176,13,yellow,6,blue,0,3276.867,1708.1398,282.926215746822,19600.2362846667,2940.172,1760.088,-0.14372854,2165.93257504003,4414.407,993.7153,68.5724236908095,8,10,3214.52872316193,-32.0988175790797,27.2351227270823,633.485253041213,2,-8.23503873757723,-23.8637788415024
kickEvent762,3845.64550784,3845.64550784,7,yellow,6,blue,0,2631.3733,2691.0723,575.039828169812,15848.2096244677,2682.4553,2773.4539,-1.9206156,639.999330136322,4495.911,1133.3508,277.539946500126,7,10,4311.55609586379,-38.6200745663937,18.8314349275339,218.64995829796,3,-110.043167946986,71.4230933805926
kickEvent763,3882.373763072,3882.373763072,3,yellow,6,blue,0,2339.8076,463.56516,742.046790124974,37061.8932092705,2240.866,439.86676,0.27242178,798.074283630104,4462.868,53.20376,888.033279451525,7,10,3689.43099441954,-7.21810858964331,27.2320773458011,180.078933169479,4,15.6086182414414,-22.8267268310847
kickEvent764,138.526469632,138.526469632,7,blue,6,yellow,0,-3287.6416,53.438286,115.880305137969,15624.03870122,-3173.1082,35.15513,2.891012,527.977188600884,-5827.876,308.3761,525.503417388756,11,11,2712.88476357939,-178.871317230874,323.298782002642,738.704563893745,9,165.642786121675,15.4858966474505
kickEvent765,146.88852992,146.88852992,7,blue,6,yellow,0,-1836.9733,292.71985,477.387917586526,36964.8195987098,-1940.231,276.3315,0.3053264,512.789218152388,-5822.2593,524.2877,1271.87468879924,11,11,4173.30519079265,-175.977913474396,335.713366582085,944.592351355133,7,17.4939140939232,166.528172431681
kickEvent766,184.430822144,184.430822144,8,blue,6,yellow,0,-3593.666,-2274.8328,1161.7100302663,25391.6706641892,-3650.8164,-2350.6006,1.231523,1003.76153793951,-5862.9404,-122.801056,465.057611617816,11,11,3311.39058214398,136.609103695309,23.0990235204441,667.629647754382,3,70.5610702732897,66.0480334220188
kickEvent767,280.8905664,280.8905664,12,blue,6,yellow,0,-4327.4585,-4358.069,136.088169915703,20885.1934003601,-2033.0002,-834.9418,-2.1609788,795.401027845322,-5735.848,-787.4487,32.5101995853661,11,11,4667.99319600867,110.995823777171,8.16598584652594,819.294035886318,3,-123.814964857245,-125.189211365584
kickEvent768,294.218966784,294.218966784,12,blue,6,yellow,1,-2848.043,759.9503,2127.65544762266,76183.4881369792,-2938.0698,794.8278,-0.5146762,202.460161649028,-5854.463,425.1825,177.9593475036,11,11,3242.2765749268,-166.444457443515,329.682734676762,1075.8011649191,5,-29.4887740758311,-136.955683367684
kickEvent769,416.763229184,416.763229184,9,blue,6,yellow,0,-5118.774,-145.6355,2804.74946494628,66524.9474417573,-5483.878,-2023.54,1.7970777,1214.75866785048,-5819.0312,-267.63052,1911.02903330442,11,10,893.179132053727,170.615854492592,269.558208317107,710.804425321509,1,102.964967667077,67.6508868255152
kickEvent770,422.905916928,422.905916928,9,blue,6,yellow,0,-5558.743,-1852.0433,137.192459151102,11667.2450425674,-5516.4766,-1935.4053,2.0928473,191.077493806322,-5648.2017,-1778.5643,82.4663937610639,11,10,1903.88343265125,103.401113897416,15.7578202230514,115.767104337501,0,119.91131745535,-16.5102035579334
kickEvent771,504.664596736,504.664596736,3,blue,6,yellow,1,-2685.6262,278.74832,292.209145290197,17801.7329122674,-2594.7136,261.76004,2.9416943,526.811739836259,-5844.458,479.6432,36.3363311725897,10,10,3326.07491076633,-175.192574475253,329.805778860804,119.725926711437,9,168.546668007691,16.2607575170555
kickEvent772,581.23715712,581.23715712,6,blue,6,yellow,0,-2539.4705,-1540.113,264.604461027703,40407.4721311724,-2610.692,-1664.7656,1.1031132,727.235768108258,-5850.581,-72.18331,68.0997149386215,10,10,3787.77143887263,156.00848471444,24.7088413430486,1030.0749786894,2,63.2037306851707,92.8047540292698
kickEvent773,1397.378467328,1397.378467328,7,blue,6,yellow,1,-3440.2236,151.6665,1406.39188726785,89866.0794609491,-3436.8572,54.156574,1.3838563,1394.01172562536,-5851.3745,23.296417,35.6214301046597,11,8,2564.26557618731,-176.609194854618,321.3691007152,234.284021962931,7,79.2891254425899,104.101679702792
kickEvent774,1470.851195904,1470.851195904,2,yellow,0,blue,0,-2993.174,-2196.6584,5867.31242733264,327929.079940472,-3090.1067,-2213.7798,0.12151295,647.519397768849,5656.7344,-109.58289,237.525567183216,11,8,9257.56375730497,13.7262099893488,10.7958355382958,230.774868046869,3,6.9621791911842,6.76403079816464
kickEvent775,1477.493968896,1477.493968896,7,blue,6,yellow,1,-3170.7107,-1553.1387,5564.93439132353,168737.958271344,-3244.4492,-1615.731,0.76899576,126.149649736613,-5847.587,-63.38974,98.2186061716317,11,8,3227.55600486377,151.235409999643,27.9280049484827,1231.21065106168,3,44.0602115114552,107.175198488188
kickEvent776,1551.47976128,1551.47976128,3,blue,6,yellow,1,-3817.121,-2233.66035,4551.38401642074,222326.417943641,-2225.34755,-202.74553,-3.0293765,943.146366437268,-5820.121,-688.14875,566.625366920161,11,8,3123.17135101536,134.34124240852,23.7158596598899,749.441236700133,1,-173.570488006113,-52.0882695853667
kickEvent777,1662.011997952,1662.011997952,3,blue,6,yellow,1,-4905.566,-2212.2595,5110.97286965917,329862.389506912,-5051.798,-2368.3125,0.73885167,428.409828278571,-5900.8765,-887.03076,418.834847103565,11,8,2468.17298334137,116.322210514864,20.4539989014573,1657.3696644781,1,42.3330823771927,73.989128137671
kickEvent778,1737.312979456,1737.312979456,3,blue,6,yellow,0,-2468.0093,535.76685,2063.24228454191,81466.7187621822,-2391.4229,436.03885,2.0052388,457.906533690348,-5797.5015,158.35422,630.595334527781,11,9,3572.39477415996,-171.374571803016,331.990322218203,1040.42165167148,8,114.891720155878,73.7337080411057
kickEvent779,1861.629029888,1861.629029888,8,blue,6,yellow,1,-3391.3315,2265.5781,5395.2724989253,303282.643934581,-2167.0894,-590.65015,2.88074,1986.1920710963,-5816.587,835.7281,73.1088245184505,11,7,3455.14044144256,-139.02631728323,22.8779494348297,883.942883026093,2,165.054243874517,55.919438842253
kickEvent780,1937.915318784,1937.915318784,11,yellow,0,blue,0,-1716.5939,-1175.287,453.601725342489,36270.4736188292,-1850.9498,-1197.3014,0.2364551,631.398920535929,5685.87,-60.702415,73.0362423547783,11,7,7805.58267843511,8.65996341700234,13.0097158491803,340.088735276957,3,13.5478792743438,-4.8879158573415
kickEvent781,1940.787521024,1940.787521024,3,blue,6,yellow,1,-2406.5256,1304.1461,3029.68341644484,92521.9249894962,-2490.9807,1349.626,-0.48359028,474.390788010134,-5914.1987,831.0256,213.680213054883,11,7,3822.80725561734,-160.05311949616,25.1069964353844,540.240517761376,2,-27.7076820575497,-132.34543743861
kickEvent782,2071.946601728,2071.946601728,3,blue,6,yellow,1,-5134.354,-218.78038,4738.04829708729,187875.032708995,-4966.2905,1997.6799,-2.08006,550.166190346162,-5968.1655,-363.7532,1385.95587882304,11,7,892.864968508085,165.816282375829,269.529625770861,846.320705212275,1,-119.178659133982,-75.0050584901889
kickEvent783,100.688705536,100.688705536,3,blue,0,yellow,0,1399.5363,-886.3746,1778.28868874834,81763.1807968701,1534.7006,-893.92725,2.97394,1813.93754102505,-5626.4478,50.34117,990.219604997526,11,11,7452.43566805798,173.169209211352,346.322016107035,1224.62003037913,11,170.394210525136,2.77499868621574
kickEvent784,122.80291328,122.80291328,5,blue,0,yellow,0,-2116.7017,-909.2356,84.6304174172997,9450.57689774694,-1732.6896,-1199.2698,2.9397566,1322.23201549481,-5586.281,-118.78494,28.9786487161642,11,11,3988.32233690937,166.822151445164,24.8446299674378,128.241138997827,5,168.435645975729,-1.61349453056441
kickEvent785,320.805335552,320.805335552,5,yellow,6,blue,0,-5069.217,2522.796,92.4614595946948,12446.9806041028,-5182.5566,2537.2214,-0.29902524,121.482817879915,4412.3643,364.84756,155.236233672882,11,11,11353.0641084557,-12.839033859796,8.84212635820305,157.396947565828,3,-17.1328842198865,4.29385036009053
kickEvent786,333.476926208,333.476926208,3,blue,0,yellow,0,-2348.3328,67.87799,870.740061016013,43641.4693324179,-2205.1575,-40.135773,3.0741484,951.674939685371,-5575.8423,-123.60863,130.031158115994,11,11,3652.29801099011,-178.935096134709,332.317993466207,188.328514334613,9,176.135728916895,4.9291749483959
kickEvent787,335.776287488,335.776287488,3,blue,0,yellow,1,-5293.043,1729.4883,2349.04718443956,137650.500971559,-4361.5557,2159.1157,-2.3966973,1884.70341057696,-5871.2236,923.55743,257.960192773511,11,11,1868.39984470292,-112.233102728916,25.3917879896957,361.800394735841,1,-137.3206400604,25.0875373314834
kickEvent788,451.392467456,451.392467456,3,blue,0,yellow,0,-556.57306,3537.7341,397.297896814073,28509.0619755146,-138.6373025,3443.717575,-2.579963725,5059.34066841824,-5607.363,299.5869,23.2671043717825,10,11,6492.03045382726,-146.979783552998,13.3349706850145,297.881795290071,7,-147.821032739351,0.841249186352822
kickEvent789,454.535071744,454.535071744,3,blue,0,yellow,0,-381.865175,4072.9689,14356.6931835921,13276918.4909752,-1006.9443,2754.0535,-2.5281587,3794.35161475816,-5614.8594,342.40875,22.6930285651386,10,11,6939.20129209731,-144.059083694849,12.0575140327715,559.174604565283,7,-144.852823449281,0.793739754432026
kickEvent790,458.00733056,458.00733056,7,blue,0,yellow,0,-3378.8708,1845.0865,528.130395440589,24804.4185491158,-3238.0642,1865.5604,-2.4757056,480.863683839404,-5607.85,265.59473,46.4470324453788,10,11,3205.41143623949,-144.857208986563,26.4957619560668,739.874197772655,4,-141.847482196903,-3.00972678965957
kickEvent791,465.507513344,465.507513344,7,blue,0,yellow,0,-2405.4631,1280.6703,1824.28097325227,114408.69663443,-2099.6182,1355.5322,-2.6955101,1801.29905605939,-5672.929,-25.485056,1194.97963236994,10,11,3815.86319759549,-160.38991049037,25.198381234853,380.988183561774,5,-154.441352364886,-5.94855812548345
kickEvent792,467.32134656,467.32134656,3,blue,0,yellow,0,-3433.3662,-217.28706,1588.17910477877,44545.0228617187,-3618.0762,-125.88764,2.9849062,1381.98603789072,-5851.613,-561.3633,1171.00747714842,10,11,2575.81496419015,175.160970611663,321.580411878349,592.677414785734,6,171.022527502432,4.13844310923093
kickEvent793,497.464784384,497.464784384,7,blue,0,yellow,0,-629.532,-631.39264,928.974285897135,25941.0000078558,-482.45215,-275.29846,-2.9578404,1197.75398751548,-5568.236,-64.43234,63.4544174839911,10,11,5407.45626009773,173.29465787891,341.221164513786,679.600727758931,11,-169.471771393287,-17.2335707278031
kickEvent794,591.48070144,591.48070144,4,blue,0,yellow,0,-1561.3225,-2176.7986,4053.47660943878,248938.334197593,-866.073,-1348.7341,3.0940335,2148.101791017,-5623.9155,-355.68716,177.72740535775,10,11,4943.71420027172,153.875927484101,18.680855776894,1320.40479792332,6,177.27506122209,-23.3991337379892
kickEvent795,1031.652560384,1031.652560384,7,blue,0,yellow,0,-56.43021025,-3454.393125,8993.72421283763,15227288.3766242,53.735308,-3491.033975,2.5316838,8993.74735211482,-5599.7236,-280.28976,0,9,10,6874.50752473776,149.834915213142,12.9705582163722,489.331653084886,6,145.054796801642,4.7801184114999
kickEvent796,1082.754637568,1082.754637568,9,yellow,6,blue,0,-1840.5118,-1858.0547,4355.5517992521,168593.075556356,-3202.2039,-1418.6886,0.01151339,1230.90237143478,5018.042,-128.64726,870.148612200656,9,10,8057.66669415727,13.3320828376143,12.4137283815959,521.812632217207,3,0.659668654888127,12.6724141827262
kickEvent797,1258.084932864,1258.084932864,3,blue,0,yellow,0,-1593.4957,2115.2712,995.979274698423,43059.0468910839,-1441.848,2147.6316,-2.615391,1819.444366511,-5609.7363,244.64809,269.860189681486,9,9,4887.90879573954,-154.35741816606,18.9646128424858,276.420103160841,3,-149.8508660765,-4.50655208956025
kickEvent798,1274.871310848,1274.871310848,4,blue,0,yellow,0,-698.3701,4213.5303,868.559544004154,27270.8471668226,-598.04083,4278.318,-2.517818,1027.32442699676,-5644.4946,17.290977,889.572757340167,9,9,6772.08366646427,-141.523681418146,11.9598673100872,124.948942388175,5,-144.26034498207,2.73666356392356
kickEvent799,1282.166138624,1282.166138624,4,blue,0,yellow,0,2396.3354,352.9016,937.072755917984,25312.4828964049,2493.484,341.2466,3.024783,948.163636707178,-5653.0986,155.77652,660.402273069606,9,9,8403.74843082393,-177.593250216477,347.784867467882,202.169398841714,9,173.30729984292,9.09944994060297
kickEvent800,1291.137364992,1291.137364992,5,blue,0,yellow,0,-120.446395,-212.25612,3475.59714818126,989595.272418485,333.30407,-702.303175,3.04406245,2752.67909718323,-5575.609,-42.48734,54.8512543678835,9,9,5883.38365692277,177.93247895315,342.61605030498,411.594215197401,9,174.411930959253,3.5205479938964
kickEvent801,2288.81158144,2288.81158144,11,yellow,6,blue,0,17.7705155,-23.05131225,755103.995048799,270216090.860795,210.697275,-0.828918415,-3.12356305,2765.74980872254,-4402.671,-1.7289946,63.2397807969349,10,10,6017.81466482789,179.780527283145,342.98835409204,799.115882782547,10,-178.966979808011,-1.25249290884452
kickEvent802,2407.618081792,2407.618081792,4,yellow,6,blue,0,-2944.278,-4337.156,187.757497159589,13708.7838108618,-3002.278,-4548.162,2.0066965,943.420385114936,-5367.6846,-779.1985,1025.73167768246,9,10,5305.50271978255,125.166422392137,11.3756686584556,1603.64122932099,3,114.975240213674,10.1911821784631
kickEvent803,2419.62291328,2419.62291328,4,blue,0,yellow,0,622.328975,1453.68455,3855.83998806484,1112486.2124047,346.67691,1279.5779,-0.321418945,4872.52528286273,5590.4404,166.26997,56.3498062937497,9,10,5570.68617174161,-15.1265883340163,17.7594488595608,1501.56647326923,5,-18.4159490040475,3.28936067003122
kickEvent804,2424.5867072,2424.5867072,11,yellow,6,blue,0,2650.0012,-1345.624,1712.02704165616,47845.2672371553,3302.0962,-1631.451,-2.9987864,1186.9570255075,-4690.391,-213.74658,232.143079655553,9,10,8754.04047908036,171.157743997083,11.6041542889419,766.360034970151,4,-171.81780438123,-17.0244516216876
kickEvent805,2924.703544064,2924.703544064,5,blue,0,yellow,0,-319.238445,-1123.77615,5353.55622357473,2377023.124685,-495.8532,-1154.043,0.27272007,2495.0018114458,5579.4316,-83.04933,395.758864944395,9,10,6418.38354728625,10.0837267190748,15.7298892175973,510.218384012531,4,15.6257089995124,-5.54198228043753
kickEvent806,3048.582640384,3048.582640384,11,yellow,6,blue,0,-2115.4685,-1064.669,2389.99261206946,107556.894165065,-1492.239,-1437.8484,2.4460404,1159.90847594031,-4925.99,-405.9831,598.503125257784,9,11,4027.79158523045,164.672812860651,24.4014248163932,443.594563867728,5,140.147791438492,24.5250214221588
kickEvent807,3054.02593792,3054.02593792,3,blue,0,yellow,0,-4139.6865,3482.6863,869.423392376276,47939.942276601,-4718.336,3384.9536,-0.3399317,2217.0842271358,5592.3286,144.85078,39.7819139034407,9,11,10721.1168346628,-18.9561004438722,9.08550946415351,328.723918031317,3,-19.4766517327072,0.52055128883505
kickEvent808,3071.41357952,3071.41357952,2,blue,0,yellow,0,-2697.7922,2082.363,682.345830951573,17826.0149324291,-2902.6814,2137.2588,-0.28171408,1363.83419905299,5591.368,127.89481,251.080046513732,9,11,8943.5912707452,-13.4639186613322,11.1849545602978,737.064312826635,5,-16.1410278134108,2.67710915207859
kickEvent809,3105.616470528,3105.616470528,7,blue,0,yellow,0,-2232.6833,-1098.0527,171.696151815345,21812.2146227946,-3314.8457,-1479.2117,-0.37019014,1729.9482465317,5578.2793,-72.98165,60.0739099663985,9,10,8305.58812186567,7.59711592480931,12.2636961923456,210.598614810283,6,-21.2103326393571,28.8074485641664
kickEvent810,3789.889234688,3789.889234688,5,blue,0,yellow,0,-2248.4043,-3202.4446,1177.68543900868,33643.0003892293,-2525.7766,-3237.1912,0.39655328,1424.06134149984,5593.2725,-172.60674,107.446746537558,8,11,8848.26677447779,21.2187116355445,10.8475686672658,1163.56605518618,3,22.7208292960696,-1.50211766052512
kickEvent811,3793.89370368,3793.89370368,0,blue,0,yellow,0,1715.2377,-595.1896,3091.07483002846,105642.618739831,135.802982,-1062.92555,0.142944165,3421.77446166486,5579.146,-42.05321,241.695945789014,8,11,4325.90321521985,7.90826108160693,23.3057587964733,1456.52262630308,3,8.19009736052166,-0.281836278914734
kickEvent812,3804.022556416,3804.022556416,2,blue,0,yellow,0,2897.3193,-828.8915,551.259148176571,39429.6775717607,2550.3372,-605.3377,0.06344573,910.006042039482,5586.732,-161.39719,48.867300953351,8,11,3211.49321109741,14.9574469026562,30.4405466070516,224.338670295649,3,3.63517255712655,11.3222743455296
kickEvent813,3804.993849856,3804.993849856,0,blue,0,yellow,0,4083.2075,-1122.3373,8413.00487668211,392857.315910561,4992.7725,-2994.9968,1.2435031,360.881397587739,5664.7056,-291.19873,907.946553154221,8,11,2221.20113970517,30.3502038398656,39.9183879811747,419.348598409116,1,71.2474794414344,-40.8972756015687
kickEvent814,3817.092130688,3817.092130688,2,blue,0,yellow,0,-177.2017425,-3533.3316,2946.43865155816,637425.948972551,-105.045098,-4006.870825,0.5323561025,6181.34630585917,5616.145,-268.75653,143.411522502871,8,11,7116.33708891756,29.769362215667,12.5782445408016,2645.46284443687,8,30.5017578712839,-0.732395655616887
kickEvent815,4005.95022976,4005.95022976,3,blue,0,yellow,0,-755.64734,-2674.1094,267420.324987797,36164856.2929142,-1077.6302,-2915.6328,0.24689169,1530.70862970035,5584.06,-193.34883,6.45040705471125,9,11,7265.64739480367,21.5953030769388,13.167034917414,628.504435914244,5,14.1458518338523,7.44945124308657
kickEvent816,4015.623420288,4015.623420288,3,blue,0,yellow,0,463.2156625,422.62303,1711.74913644804,797860.621857097,396.529835,299.208735,0.1232357825,3201.25276822756,5578.9214,20.56667,31.7149886984096,9,11,5552.89033076214,-4.36492580558153,18.3628104609327,165.198333790543,5,7.06089022224217,-11.4258160278237
kickEvent817,4557.45516032,4557.45516032,2,blue,0,yellow,0,3200.7468,1124.4523,368.522280854679,19176.782723799,3192.501,1354.1307,-0.6501848,766.929196095522,5596.5728,226.53677,28.6810896635738,10,9,3016.65567353742,-21.8851922938895,31.290554069876,107.725796139133,5,-37.2528449435575,15.367652649668
kickEvent818,4862.535691264,4862.535691264,7,blue,0,yellow,0,-2311.972,1806.9417,989.056308172397,29380.4336563915,-2457.7053,2036.9347,-0.28868952,1370.61137854582,5607.652,91.502014,180.880362424098,9,8,8506.11055865035,-12.2647162346683,11.8116991402458,930.27656018009,5,-16.5406910856576,4.27597485098926
kickEvent819,5007.694515968,5007.694515968,7,blue,0,yellow,0,1059.5038,-1879.44445,1592.40863697294,67701.8438657549,807.61945,-2049.8781,0.273008305,1995.5401440783,5597.529,-213.18735,257.867508972531,9,8,5285.90712582526,20.8276222424332,18.1480230311397,939.358823179408,3,15.6422236485203,5.18539859391287
kickEvent820,5013.442468864,5013.442468864,3,blue,0,yellow,0,4624.721,-2784.8074,618.638696410635,27258.5352202812,4624.109,-2967.4348,1.0634946,487.810213009919,5735.0293,-712.0119,134.727347001003,9,8,3105.88869455036,63.7175060828464,15.6498804357302,217.82066823192,1,60.9337521149537,2.78375396789268
kickEvent821,5043.871676928,5043.871676928,3,blue,0,yellow,0,3917.2932,-2705.611,789.194677978096,40863.5423832953,3801.8193,-2742.8604,0.76736987,843.588001417594,5704.1255,-510.01633,360.195938472765,9,8,3414.38112958809,52.411888122193,19.0642246241549,368.01956489915,2,43.9670548765026,8.44483324569035
kickEvent822,5288.58396288,5288.58396288,7,yellow,6,blue,1,-4398.8584,-931.1145,1883.82605651688,31094.03069235,-4221.461,-1958.267,2.0657947,856.420863499847,-4702.006,-6.638065,2105.74456116842,8,8,1852.19562556465,149.820644165115,47.7200122070046,375.828364396156,0,118.361317650494,31.459326514621
kickEvent823,5348.55835648,5348.55835648,4,blue,0,yellow,0,2225.379,-1329.4526,290.709033473871,11955.0354095455,2113.462,-1664.0807,0.40746796,1527.69530197221,5611.0664,-197.4349,68.1170957663615,8,8,4001.90053715579,19.4026834790988,24.0770734917194,174.25433947334,3,23.3461943948054,-3.9435109157067
kickEvent824,5352.130078976,5352.130078976,4,blue,0,yellow,0,5632.355,-4509.4756,1032.03626263954,50996.726028919,5474.886,-4630.035,1.3794357,1272.94732068092,5857.6562,-904.9587,68.4168466400857,8,8,4524.43731673015,85.3391426777775,1.92781156823805,2945.56091478263,1,79.0358437196744,6.30329895810312
kickEvent825,13.330675456,13.330675456,2,yellow,6,blue,0,3.449591,-12.20151675,943.040610151188,126675.165969213,214.746815,-3818.05645,2.8537834,2422.03637625089,-5844.7734,-1.1500117,88.9451066243071,11,10,6003.46199027603,179.88355120831,342.948196114614,800.517410603176,11,163.509744464494,16.3738067438152
kickEvent826,53.986942976,53.986942976,11,blue,6,yellow,0,-1617.5635,-2405.7163,931.195330219975,67548.046636993,-1738.9612,-2325.2197,-0.4097563,784.128185664167,5698.732,-120.65959,32.8073973112583,11,10,7988.41314608965,17.5267306103426,12.2777381713133,254.997037955699,7,-23.4773066188964,41.004037229239
kickEvent827,119.734238976,119.734238976,4,blue,6,yellow,0,2812.2307,-457.48236,4335.41388887089,220506.464355155,2927.3445,-2608.0618,1.5585477,211.176774380032,6054.1416,-53.361813,75.5995918931016,11,10,3220.42904280372,8.16685524423399,30.969426244224,550.159174268277,2,89.2982053798216,-81.1313501355876
kickEvent828,392.978769408,392.978769408,8,blue,6,yellow,1,4055.6572,-772.448,4041.01133071157,74599.4095437487,3487.2368,826.7031,-0.2774124,775.410210616762,5779.1304,-596.97974,1270.55841517323,10,10,2092.1627175284,21.6669219622479,44.4541527249267,957.112925889155,1,-15.894559704595,37.5614816668429
kickEvent829,439.650187776,439.650187776,4,yellow,6,blue,0,-52.7491185,3226.7502,3511.54489254112,92178.4520244482,38.03079,3971.8255,-2.3981588,1442.0250053518,-5848.198,475.79453,161.806053051781,10,10,6766.21828651002,-151.517440214665,13.3894854309152,2554.87383627872,6,-137.404377842158,-14.1130623725067
kickEvent830,815.800531456,815.800531456,11,yellow,6,blue,0,-2967.354,2439.3843,639.279553055626,40180.2582210587,-2902.4756,2522.1038,-2.5469613,652.653482151527,-5846.7495,165.89273,440.960344846292,9,10,3891.98375181635,-141.187674378949,20.8434426610838,701.980734743055,3,-145.930133073154,4.74245869420403
kickEvent831,942.981391616,942.981391616,5,yellow,6,blue,0,2008.8589,-679.2472,1301.88702609677,91402.7651067118,2225.7593,-438.29202,1.4152951,1982.54572319815,-5835.161,-53.466343,477.894962049386,7,10,8037.6114386562,175.152232592164,347.266218338155,238.784448057799,7,81.0904359955458,94.061796596618
kickEvent832,1268.750892544,1268.750892544,3,yellow,6,blue,0,69.238743,-4303.8411,147.176741217534,42594.4290584577,191.491725,-4335.4003,2.7874952,365.535897462885,-5847.7573,-110.4273,5.69647629631402,9,10,7440.34321342648,144.658642502276,11.3249683055076,880.710205803567,5,159.711710372975,-15.053067870699
kickEvent833,1303.737351168,1303.737351168,11,blue,6,yellow,0,-488.17603,-3208.6448,9449.79822047156,1785429.3285504,-2104.0923,-4165.5166,0.7277051,736.398140349322,5721.501,-116.40204,691.514638617172,10,10,7238.22006081838,26.3141109186665,12.7573335477109,1678.85348304533,4,41.6944309601455,-15.380320041479
kickEvent834,1476.783384064,1476.783384064,2,yellow,6,blue,0,-771.9002,-3799.039,333.931372273988,23786.3025052844,-447.93735,-3702.8164,2.4322057,1122.93231493524,-5848.856,-117.002304,12.2075101114062,8,9,6462.640701933,143.995681048712,12.9404907798373,620.756970758543,5,139.355121517662,4.64055953105005
kickEvent835,2168.994093568,2168.994093568,10,blue,6,yellow,1,-4956.7056,-2294.6943,544997.199376212,91084283.5436327,-4906.055,-2424.3635,2.2304223,357.276332837912,-5913.969,12.815704,0,10,8,2520.73107163851,114.44915968957,18.7126152027175,1641.38290671658,1,127.793784321862,-13.3446246322918
kickEvent836,2858.29843584,2858.29843584,9,yellow,6,blue,0,209.82572,91.9129925,4249.81644902719,14342341.2743062,60.515285,105.405355,0.0578816605,1898.25850003323,5832.0005,-670.884,504.153699896381,10,8,5790.90374561379,-0.909434506185166,17.6659449850812,1121.98105292029,5,3.31637485785909,-4.22580936404425
kickEvent837,2908.43413632,2908.43413632,7,yellow,6,blue,0,691.6770775,-2747.47995,6207.81864406301,4374880.56515914,277.237375,-2719.673725,0.28641731,6138.87517613949,5845.963,-83.187515,52.3081386771824,11,8,5977.20154630835,27.3651645665701,15.3042560241503,458.220449891833,6,16.4105030424901,10.95466152408
kickEvent838,45.97156096,45.97156096,10,blue,6,yellow,0,4531.0713,-2899.7722,436.039248896098,19058.3600103273,4432.3765,-2916.0227,0.41496074,350.590551598738,5864.495,-603.75494,4.99588549983753,11,11,3250.6046110803,63.1347342906593,15.1633967980702,227.060384843614,1,23.7754990656255,39.3592352250338
kickEvent839,235.215802368,235.215802368,2,blue,6,yellow,1,4905.4385,-565.35156,2223.70757881957,33147.6984685256,5130.315,-2014.6294,1.0575004,189.526993411325,5820.821,70.56007,1005.11772413134,11,11,1231.94450511242,27.316789275325,70.2420316392361,1114.5890374822,1,60.5903097533964,-33.2735204780714
kickEvent840,297.615598336,297.615598336,11,blue,6,yellow,0,3261.0015,1485.7526,440.283427392985,19855.6817462198,3250.727,1582.6497,-1.8100632,451.098505604939,5829.163,281.1897,79.1059383014599,11,11,3116.01886570172,-28.4773407489277,28.9856328188814,111.961676969265,5,-103.708982011944,75.2316412630165
kickEvent841,341.73050624,341.73050624,9,blue,6,yellow,0,3716.1348,2794.387,2063.18445371554,98789.9504771394,3774.5518,2870.7925,-2.3154,204.362002018671,5843.5493,425.76923,38.6544008969607,11,11,3608.96646666882,-50.7407146954029,18.6011679571634,1122.62563212888,1,-132.662647884591,81.9219331891879
kickEvent842,343.373295104,343.373295104,14,blue,6,yellow,0,5332.661,128.73882,4602.26348042576,231306.128187534,658.69235,-1471.490625,0.3663689925,4930.98741744498,5547.4478,111.26353,1269.27901852824,11,10,679.643306960344,-10.9190053852996,106.160455579916,215.496531793029,1,20.9913970147101,-31.9104024000097
kickEvent843,415.603346176,415.603346176,10,blue,6,yellow,1,3586.6506,-1622.4291,3091.35111640714,141061.031100033,3746.8662,-2132.7524,1.8657247,466.942394763604,5820.042,-215.4527,579.98811871593,10,9,2908.01160778412,33.9118661803017,29.6011015201952,848.678653219745,1,106.898151043312,-72.9862848630099
kickEvent844,562.917045504,562.917045504,11,blue,6,yellow,0,2548.6194,716.42004,532.088693097337,12534.1695157129,1854.7301,-3128.8547,1.4015565,1171.1829194275,5822.503,150.4938,132.008603628308,10,9,3524.95187481616,-11.7266361246775,28.1402888532326,265.148643423873,3,80.3032721991274,-92.0299083238049
kickEvent845,593.588764928,593.588764928,2,blue,6,yellow,0,2940.304,1771.4639,4703.62663864406,119773.528012283,1671.0505,1202.5771,0.46365166,1161.7021740435,5884.364,597.5546,316.936614789507,10,9,3535.50901023024,-30.0694376783788,25.2266358077512,1557.94763116173,2,26.5652832822346,-56.6347209606134
kickEvent846,1057.226460928,1057.226460928,14,blue,6,yellow,0,-588.5434,533.6292,468.205991558881,48772.8237631503,-797.133,741.61176,-0.31342614,893.978205252304,5821.4297,50.815853,108.057084539278,11,11,6610.11832396185,-4.63047822672796,15.4586598428033,140.249188631566,3,-17.9579950110765,13.3275167843485
kickEvent847,1111.412984576,1111.412984576,7,yellow,0,blue,0,-1452.774,1478.0165,565.54395186862,49823.5164177954,-1362.9115,1460.7615,2.8608947,725.174094212518,-5656.872,166.08858,67.5556574039927,11,11,4781.40116172532,-161.993923247409,20.3635094216426,123.212490574698,4,163.917191941346,34.0888848112453
kickEvent848,1234.816082176,1234.816082176,13,yellow,0,blue,0,-992.58136,-22.374443,2794.28562461374,117573.202179463,-1026.247,67.40289,-1.3153274,802.999561313372,-5744.379,-10.542644,46.6350678322083,11,11,5007.46862715275,179.743989325933,339.62203951182,403.739214128305,9,-75.3627086979158,-104.893301976151
kickEvent849,1382.893470208,1382.893470208,14,blue,6,yellow,1,2588.611,-1223.2621,1125.5404603031,65303.5735872795,2516.5679,-1288.0647,0.4573382,707.982503614317,5826.3433,-177.9438,40.9673288323009,11,11,3624.07851385941,19.7269110305552,26.4851331630306,188.326633124473,3,26.2035486701099,-6.47663763955472
kickEvent850,1467.476270336,1467.476270336,12,blue,6,yellow,0,-1200.801,428.27252,848.01634617981,26124.3351914429,-1152.2472,622.07666,0.13278694,821.975451642712,5821.0825,52.474483,22.8217476518301,11,11,7213.52565622305,-3.4036957375296,14.1995123916078,369.620530182,3,7.60813123645689,-11.0118269739865
kickEvent851,1523.879229184,1523.879229184,13,blue,6,yellow,0,4483.1963,2413.2527,702.901012649821,14197.2467096137,4496.229,2543.082,-1.3105204,1141.58470113904,5859.858,570.57434,163.897800406467,11,11,2850.34770833156,-57.8493726251075,20.4688879599787,311.07223105475,2,-75.0872878857964,17.2379152606889
kickEvent852,59.829776128,59.829776128,7,yellow,6,blue,0,-3317.0808,1355.6262,172.055895599716,12374.4545645054,-3137.4404,1479.3915,-2.6466432,709.443219125106,-5856.198,431.94086,1140.46992046037,11,11,3005.95705688805,-153.193429561635,30.416679180376,231.364477273435,2,-151.641485236999,-1.55194432463678
kickEvent853,234.460144384,234.460144384,10,blue,0,yellow,0,-1677.9984,-579.32416,489.700845985234,34642.1747251019,-1731.7075,-454.11295,-0.0831141,1594.18183923404,5583.731,-59.587894,256.677050514925,11,11,7699.82310918649,4.31493367142285,13.2971742549038,247.980730175778,6,-4.76208714802828,9.07702081945112
kickEvent854,459.485193728,459.485193728,2,blue,0,yellow,1,4608.1963,-2747.6208,505.235143781655,21942.4767746561,4495.818,-2859.6296,1.6868498,669.505741148037,5721.1763,-679.51227,257.351561375814,10,10,3080.02233756938,63.135566222095,16.1054418786751,255.393726695155,2,96.649374212487,-33.513807990392
kickEvent855,935.672288256,935.672288256,9,yellow,6,blue,0,-2648.197,-101.489136,3082.49853928598,203567.668222143,-2885.3284,1189.4369,-2.4340153,2059.75386405945,-5847.7935,116.22118,184.114287026777,10,9,3353.33914114499,178.265672811881,329.964339161414,387.348834076005,10,-139.458803960269,-42.2755232278498
kickEvent856,1724.806384128,1724.806384128,0,blue,0,yellow,0,5079.146,-665.73676,4628.31506565995,80072.5601001895,5522.8994,2123.3074,-1.0334759,1068.72627589431,5789.5225,-594.75977,570.115443266956,10,10,1136.29992648565,35.8652668930138,73.8121631311624,713.913513572695,1,-59.2138072984843,95.0790741914981
kickEvent857,2034.791007232,2034.791007232,5,yellow,6,blue,0,-4042.327,4277.21,218.058938158381,30261.7624474883,-3909.261,4425.033,-1.924705,641.972821775787,-5708.2334,754.30414,31.4228079962187,10,11,4703.93547564473,-114.593503147332,9.38640478321965,2496.33249483577,3,-110.277473307727,-4.31602983960445
kickEvent858,2215.12150272,2215.12150272,5,yellow,6,blue,0,-3259.5535,-170.2596,106.503145545405,13874.8678151172,-3003.6973,-141.65764,3.0692248,1014.94373810312,-5853.751,-151.2728,470.626280835179,10,11,2745.73038566324,176.44487347206,323.756253259172,725.12191238701,10,175.853627416884,0.591246055175453
kickEvent859,2383.367449088,2383.367449088,0,blue,0,yellow,0,-2760.9292,-1835.468,492.605579130045,28130.161764092,-2995.7612,-1886.2961,0.36533543,825.729074130785,5589.4487,-111.81025,68.5209892810915,10,11,8951.13530377218,11.8326726098685,11.2453934727053,178.796638288,4,20.9321782455971,-9.09950563572864
kickEvent860,2389.7675008,2389.7675008,5,blue,0,yellow,0,2755.8484,1590.1412,654.857153795578,43190.9230697928,2701.5105,1705.7518,-0.95271087,556.917185861544,5597.601,274.45038,267.453674263351,10,11,3612.9030764359,-26.1120729580085,25.4993468927309,197.348744280778,4,-54.5863119472368,28.4742389892283
kickEvent861,2720.6155904,2720.6155904,7,blue,0,yellow,0,554.109715,-586.54142,4959.66527767258,1337222.21016315,-483.52283,-1383.0416,0.1823309,589.849330012605,5583.012,16.501602,295.861753783905,11,11,5477.38549251675,6.14725932607735,18.5620727913128,1396.94137318964,4,10.4467910448219,-4.29953171874451
kickEvent862,2839.346337536,2839.346337536,4,yellow,6,blue,0,469.291505,-1198.24435,592.738423528566,103528.870861425,741.8268,-1199.3225,3.085901,1446.6713286173,-5825.142,-757.35895,171.97661536267,9,11,6579.32535287411,169.506575751343,15.3303519065693,839.232568979774,3,176.8091032952,-7.30252754385711
kickEvent863,2842.6612608,2842.6612608,4,yellow,6,blue,0,-2688.58,-337.36438,585.138996765159,21123.3753043223,-2519.6213,-419.72852,2.7614636,564.358240962642,-5845.8047,623.51184,427.991811228,9,11,3328.56082132996,174.182830172307,329.868100845524,1149.78602057984,7,158.220209559003,15.9626206133043
kickEvent864,99.9180608,99.9180608,1,yellow,6,blue,0,-1123.1755,1815.3776,1340.03599557226,82934.3808521571,-1036.1304,1846.9944,-2.639375,1426.87448908063,-5840.9595,16.611635,456.127247379483,11,11,5203.74990121374,-159.582426964449,18.4780189538257,806.804622749139,6,-151.225048052342,-8.35737891210736
kickEvent865,534.139302912,534.139302912,8,yellow,6,blue,0,-3455.4543,-2068.586,629.788699200752,23707.7409812681,-3552.0159,-2084.4622,0.40899444,599.70569887587,-5912.731,-787.24396,86.5919661856343,11,11,3279.29273758603,140.890646908171,24.7312062159592,162.758963334527,3,23.4336552563166,117.456991651854
kickEvent866,737.355936,737.355936,13,yellow,6,blue,0,-2577.5403,-2984.889,2418.6857475051,182975.540598857,-2335.6504,-3436.0469,2.4473884,2505.46978250949,-5838.1685,-118.73925,505.631116146115,10,11,4541.23251336519,138.90677781591,17.2721311667415,2006.94615750068,2,140.225026149275,-1.31824833336568
kickEvent867,980.475922432,980.475922432,8,yellow,6,blue,1,-1950.5698,856.34094,791.588284618417,38934.340403403,-1721.0323,1015.2878,-2.5646255,1546.92656504669,-5845.567,20.539951,178.348356142847,10,11,4138.98595675222,-168.059469935031,335.93468267547,974.373058078611,8,-146.942217181629,-21.1172527534023
kickEvent868,1146.519305728,1146.519305728,0,yellow,6,blue,0,-2294.8928,-1252.7882,987.870763338298,22332.464445755,-1990.0875,-1313.0311,2.9653957,1840.00360070447,-5692.227,158.68016,268.359971454598,10,10,3911.17599163616,161.318335596629,24.7188666924474,436.193862283561,5,169.904658196242,-8.58632259961294
kickEvent869,1579.769654528,1579.769654528,3,yellow,6,blue,0,-3344.074,1848.6561,1227.1458780895,70958.5965308313,-3279.98,1917.4081,-2.29948,1171.47046182638,-5362.3525,526.01135,337.261326860743,11,10,3235.96543454086,-145.160170656169,26.3270166599934,217.548305904183,3,-131.750499074743,-13.4096715814266
kickEvent870,2416.41094784,2416.41094784,10,yellow,6,blue,0,-3334.614,3356.2004,926.986622370523,32188.658111209,-3289.9429,3437.8855,-1.9429436,816.531168456344,-5607.51,581.173,174.05195609423,10,10,4285.83290084391,-128.455468400227,15.2826027293918,255.291724784118,4,-111.322468111954,-17.1330002882731
kickEvent871,2521.555221248,2521.555221248,5,yellow,6,blue,1,-3890.7212,-1355.8917,1943.81842811324,123014.562698911,-3379.1968,-925.48175,-3.0830417,1098.53974314066,-5833.569,-800.4173,613.963443912295,10,10,2507.48865565895,147.266181515326,34.7275752487565,103.644590813462,1,-176.645277472839,-36.0885410118357
kickEvent872,2758.94561408,2758.94561408,0,yellow,6,blue,0,-2421.3564,-782.66144,1394.53046376386,162442.913414663,-2268.9866,-646.766,-2.2477868,3300.32134823609,-5840.889,-46.166637,48.5691910207213,10,10,3663.22930561053,167.663462065128,332.939337260323,321.552531429814,3,-128.788696885217,-63.547841049655
kickEvent873,2826.017377792,2826.017377792,14,yellow,6,blue,0,-2813.898,-144.63548,1212.89680395786,37427.7801095418,-2711.172,-155.09625,-3.0351317,1170.50786734257,-5806.406,-550.18445,434.55456320237,10,11,3189.38322822436,177.400799769089,328.509605480733,1067.37837508392,2,-173.900236676367,-8.69896355454418
